lead_id,lead_source,geography,parent_timezone,created_at,demo_scheduled_at,rep_assigned,rep_shift,follow_up_attempts,demo_joined,demo_completed,converted
L103406,Referral,USA,America/New_York,28-06-2026 01:59,01-07-2026 10:56,AD-02,US_SHIFT,4,N,N,N
L104544,Organic,USA,America/New_York,27-07-2026 20:19,30-07-2026 17:48,AD-01,US_SHIFT,3,N,N,N
L101868,Affiliate,USA,America/New_York,21-06-2026 05:23,25-06-2026 20:35,AD-05,IST_SHIFT,2,Y,Y,Y
L103527,Meta,USA,America/New_York,21-06-2026 06:41,21-06-2026 20:47,AD-07,IST_SHIFT,3,N,N,N
L102827,Meta,USA,America/New_York,04-06-2026 18:41,05-06-2026 02:19,AD-02,US_SHIFT,5,Y,Y,N
L104392,Meta,USA,America/New_York,12-06-2026 13:38,,AD-01,US_SHIFT,3,N,N,N
L103215,Google,USA,America/New_York,18-06-2026 10:20,18-06-2026 12:41,AD-01,US_SHIFT,2,Y,Y,N
L100615,Google,USA,America/New_York,06-06-2026 22:26,,AD-02,US_SHIFT,2,N,N,N
L102366,Meta,USA,America/New_York,18-06-2026 18:24,20-06-2026 07:59,AD-05,IST_SHIFT,2,Y,Y,N
L104171,Referral,USA,America/New_York,20-07-2026 06:23,20-07-2026 13:39,AD-06,IST_SHIFT,1,Y,Y,N
L104760,Google,USA,America/New_York,24-06-2026 05:32,25-06-2026 12:27,AD-11,SEA_SHIFT,0,Y,Y,N
L104714,Meta,USA,America/New_York,28-06-2026 14:57,01-07-2026 10:44,AD-04,US_SHIFT,6,N,N,N
L103731,Meta,USA,America/New_York,14-07-2026 04:28,,AD-09,IST_SHIFT,3,N,N,N
L102211,Affiliate,USA,America/New_York,15-07-2026 10:29,,AD-01,US_SHIFT,0,N,N,N
L104819,Meta,USA,America/New_York,22-06-2026 19:59,,AD-12,US_SHIFT,0,N,N,N
L102061,DSA,USA,America/New_York,15-06-2026 13:18,,AD-05,IST_SHIFT,3,N,N,N
L103244,Google,USA,America/New_York,20-07-2026 20:32,,AD-10,SEA_SHIFT,1,N,N,N
L103503,DSA,USA,America/New_York,22-06-2026 00:10,23-06-2026 20:25,AD-07,IST_SHIFT,2,Y,Y,N
L103557,Google,USA,America/New_York,25-07-2026 09:33,26-07-2026 15:03,AD-06,IST_SHIFT,1,Y,Y,N
L100275,Meta,USA,America/New_York,15-07-2026 22:50,16-07-2026 18:25,AD-09,IST_SHIFT,3,Y,Y,N
L100195,Organic,USA,America/New_York,22-06-2026 07:57,23-06-2026 15:06,AD-12,US_SHIFT,0,Y,Y,Y
L104337,Meta,USA,America/New_York,27-06-2026 18:31,28-06-2026 16:46,AD-12,US_SHIFT,5,Y,Y,N
L101440,Meta,USA,America/New_York,09-06-2026 22:30,,AD-06,IST_SHIFT,3,N,N,N
L103018,Meta,USA,America/New_York,16-06-2026 06:33,16-06-2026 21:47,AD-11,SEA_SHIFT,0,Y,Y,N
L103032,Meta,USA,America/New_York,08-06-2026 01:41,,AD-10,SEA_SHIFT,3,N,N,N
L102063,DSA,USA,America/New_York,08-06-2026 02:25,08-06-2026 17:36,AD-10,SEA_SHIFT,0,N,N,N
L101947,Affiliate,USA,America/New_York,17-06-2026 20:51,18-06-2026 23:03,AD-08,IST_SHIFT,1,Y,Y,N
L101252,Affiliate,USA,America/New_York,28-06-2026 09:18,,AD-10,SEA_SHIFT,1,N,N,N
L100402,Google,USA,America/New_York,23-07-2026 13:56,23-07-2026 23:09,AD-09,IST_SHIFT,2,Y,Y,N
L104434,Meta,USA,America/New_York,01-07-2026 08:48,,AD-10,SEA_SHIFT,4,N,N,N
L102316,Meta,USA,America/New_York,12-06-2026 02:52,18-06-2026 03:37,AD-10,SEA_SHIFT,3,Y,Y,N
L100145,Meta,USA,America/New_York,28-07-2026 07:46,,AD-08,IST_SHIFT,2,N,N,N
L102688,Google,USA,America/New_York,28-06-2026 00:09,28-06-2026 06:16,AD-03,US_SHIFT,3,Y,Y,Y
L103735,Google,USA,America/New_York,23-06-2026 19:23,,AD-05,IST_SHIFT,2,N,N,N
L103986,Google,USA,America/New_York,19-06-2026 21:38,20-06-2026 05:04,AD-01,US_SHIFT,3,Y,Y,N
L101193,Affiliate,USA,America/New_York,29-06-2026 07:50,30-06-2026 07:22,AD-06,IST_SHIFT,3,Y,Y,N
L103449,Meta,USA,America/New_York,09-06-2026 07:03,,AD-05,IST_SHIFT,2,N,N,N
L100766,Meta,USA,America/New_York,09-06-2026 00:09,,AD-02,US_SHIFT,0,N,N,N
L102451,Affiliate,USA,America/New_York,23-06-2026 08:54,,AD-01,US_SHIFT,2,N,N,N
L102610,Google,USA,America/New_York,25-07-2026 03:12,25-07-2026 09:04,AD-02,US_SHIFT,0,Y,Y,Y
L100876,Meta,USA,America/New_York,24-07-2026 17:51,30-07-2026 14:12,AD-05,IST_SHIFT,3,Y,Y,Y
L102304,Meta,USA,America/New_York,27-06-2026 02:13,28-06-2026 12:18,AD-06,IST_SHIFT,2,Y,Y,N
L101731,Meta,USA,America/New_York,06-07-2026 19:27,11-07-2026 13:21,AD-05,IST_SHIFT,2,Y,Y,N
L100449,Meta,USA,America/New_York,07-07-2026 20:52,,AD-11,SEA_SHIFT,1,N,N,N
L102643,Referral,USA,America/New_York,20-06-2026 22:56,,AD-06,IST_SHIFT,3,N,N,N
L100561,Organic,USA,America/New_York,30-06-2026 10:17,,AD-03,US_SHIFT,3,N,N,N
L102273,Affiliate,USA,America/New_York,16-06-2026 07:43,,AD-04,US_SHIFT,2,N,N,N
L101634,Meta,USA,America/New_York,02-07-2026 08:42,,AD-11,SEA_SHIFT,4,N,N,N
L100194,Google,USA,America/New_York,29-06-2026 06:06,01-07-2026 20:50,AD-02,US_SHIFT,1,N,N,N
L102447,Meta,USA,America/New_York,14-07-2026 13:12,14-07-2026 23:03,AD-07,IST_SHIFT,2,Y,Y,Y
L104030,Meta,USA,America/New_York,12-07-2026 02:43,17-07-2026 21:58,AD-05,IST_SHIFT,1,N,N,N
L101178,Meta,USA,America/New_York,08-06-2026 00:45,11-06-2026 00:53,AD-10,SEA_SHIFT,1,N,N,N
L104440,Meta,USA,America/New_York,25-06-2026 10:52,01-07-2026 09:56,AD-01,US_SHIFT,1,Y,Y,N
L103816,DSA,USA,America/New_York,17-06-2026 08:58,17-06-2026 23:27,AD-04,US_SHIFT,4,Y,N,N
L101179,Meta,USA,America/New_York,07-06-2026 21:52,,AD-05,IST_SHIFT,1,N,N,N
L101124,Meta,USA,America/New_York,06-07-2026 12:39,11-07-2026 17:03,AD-05,IST_SHIFT,4,N,N,N
L101391,Organic,USA,America/New_York,01-07-2026 12:08,,AD-09,IST_SHIFT,1,N,N,N
L103677,Referral,USA,America/New_York,27-07-2026 09:55,28-07-2026 08:06,AD-06,IST_SHIFT,2,Y,Y,N
L103945,Organic,USA,America/New_York,28-07-2026 06:12,,AD-06,IST_SHIFT,1,N,N,N
L102432,Organic,USA,America/New_York,17-07-2026 10:03,21-07-2026 05:30,AD-05,IST_SHIFT,3,N,N,N
L100921,Meta,USA,America/New_York,13-06-2026 01:39,,AD-04,US_SHIFT,0,N,N,N
L103571,Organic,USA,America/New_York,08-06-2026 22:11,,AD-08,IST_SHIFT,3,N,N,N
L103062,Google,USA,America/New_York,08-06-2026 15:18,,AD-02,US_SHIFT,2,N,N,N
L100699,Affiliate,USA,America/New_York,19-07-2026 18:47,,AD-11,SEA_SHIFT,1,N,N,N
L104649,Meta,USA,America/New_York,20-06-2026 17:23,21-06-2026 17:13,AD-04,US_SHIFT,4,Y,Y,N
L100138,Meta,USA,America/New_York,20-06-2026 01:45,,AD-09,IST_SHIFT,1,N,N,N
L103756,Google,USA,America/New_York,31-07-2026 05:28,,AD-07,IST_SHIFT,0,N,N,N
L103021,Google,USA,America/New_York,31-07-2026 08:34,01-08-2026 11:45,AD-08,IST_SHIFT,1,Y,Y,N
L104856,Meta,USA,America/New_York,01-07-2026 13:24,04-07-2026 14:07,AD-09,IST_SHIFT,0,Y,Y,Y
L104597,DSA,USA,America/New_York,03-07-2026 18:48,,AD-10,SEA_SHIFT,2,N,N,N
L102103,Affiliate,USA,America/New_York,04-07-2026 06:41,09-07-2026 17:06,AD-02,US_SHIFT,1,Y,Y,N
L100207,Google,USA,America/New_York,22-06-2026 13:53,23-06-2026 04:09,AD-10,SEA_SHIFT,2,N,N,N
L104420,Referral,USA,America/New_York,11-06-2026 21:23,15-06-2026 17:25,AD-05,IST_SHIFT,2,N,N,N
L104306,Meta,USA,America/New_York,03-06-2026 08:12,04-06-2026 03:26,AD-10,SEA_SHIFT,1,N,N,N
L101422,Meta,USA,America/New_York,24-07-2026 01:50,,AD-08,IST_SHIFT,3,N,N,N
L103313,Affiliate,USA,America/New_York,10-07-2026 12:26,11-07-2026 19:54,AD-07,IST_SHIFT,1,N,N,N
L102406,Meta,USA,America/New_York,11-07-2026 17:53,14-07-2026 22:04,AD-06,IST_SHIFT,4,Y,Y,Y
L104059,Meta,USA,America/New_York,11-06-2026 11:07,12-06-2026 23:04,AD-01,US_SHIFT,1,Y,Y,Y
L103038,Referral,USA,America/New_York,16-07-2026 03:07,,AD-05,IST_SHIFT,7,N,N,N
L102343,Meta,USA,America/New_York,31-07-2026 03:50,,AD-12,US_SHIFT,3,N,N,N
L104644,Google,USA,America/New_York,06-07-2026 14:36,09-07-2026 12:27,AD-02,US_SHIFT,2,N,N,N
L100188,Meta,USA,America/New_York,25-06-2026 03:28,26-06-2026 19:45,AD-02,US_SHIFT,0,N,N,N
L104808,Google,USA,America/New_York,18-07-2026 14:36,19-07-2026 17:55,AD-12,US_SHIFT,2,Y,Y,N
L101146,DSA,USA,America/New_York,24-06-2026 11:22,25-06-2026 05:10,AD-08,IST_SHIFT,1,N,N,N
L104752,Meta,USA,America/New_York,13-07-2026 06:01,,AD-02,US_SHIFT,1,N,N,N
L104502,Affiliate,USA,America/New_York,31-07-2026 00:05,,AD-12,US_SHIFT,1,N,N,N
L102397,Meta,USA,America/New_York,25-06-2026 17:02,29-06-2026 14:23,AD-05,IST_SHIFT,2,Y,Y,N
L102461,Meta,USA,America/New_York,18-07-2026 17:22,22-07-2026 23:29,AD-07,IST_SHIFT,4,N,N,N
L100700,DSA,USA,America/New_York,30-06-2026 06:48,06-07-2026 04:59,AD-06,IST_SHIFT,1,Y,Y,Y
L103067,Organic,USA,America/New_York,27-06-2026 03:30,,AD-08,IST_SHIFT,1,N,N,N
L103795,Meta,USA,America/New_York,13-07-2026 01:22,14-07-2026 10:24,AD-12,US_SHIFT,2,Y,Y,N
L101058,Organic,USA,America/New_York,21-07-2026 23:25,23-07-2026 04:01,AD-06,IST_SHIFT,1,Y,Y,N
L103961,Meta,USA,America/New_York,03-06-2026 13:35,04-06-2026 03:46,AD-08,IST_SHIFT,4,Y,Y,Y
L103445,Affiliate,USA,America/New_York,27-07-2026 10:17,,AD-09,IST_SHIFT,5,N,N,N
L102242,Google,USA,America/New_York,31-07-2026 05:25,,AD-11,SEA_SHIFT,2,N,N,N
L103037,Meta,USA,America/New_York,17-07-2026 16:18,,AD-04,US_SHIFT,2,N,N,N
L101521,Google,USA,America/New_York,26-06-2026 14:53,26-06-2026 19:20,AD-02,US_SHIFT,3,Y,Y,N
L100960,Referral,USA,America/New_York,29-06-2026 05:24,29-06-2026 10:40,AD-11,SEA_SHIFT,2,Y,Y,Y
L101104,Meta,USA,America/New_York,28-06-2026 11:18,,AD-11,SEA_SHIFT,9,N,N,N
L103897,Meta,USA,America/New_York,29-07-2026 02:36,02-08-2026 09:04,AD-07,IST_SHIFT,4,N,N,N
L104715,Google,USA,America/New_York,21-06-2026 09:38,24-06-2026 07:31,AD-11,SEA_SHIFT,2,N,N,N
L104314,DSA,USA,America/New_York,02-06-2026 23:12,,AD-01,US_SHIFT,2,N,N,N
L104299,Google,USA,America/New_York,22-06-2026 22:11,23-06-2026 06:36,AD-02,US_SHIFT,1,Y,Y,N
L100678,Meta,USA,America/New_York,05-06-2026 13:20,11-06-2026 17:47,AD-05,IST_SHIFT,3,N,N,N
L102169,Google,USA,America/New_York,30-06-2026 16:48,,AD-03,US_SHIFT,1,N,N,N
L104175,Google,USA,America/New_York,27-07-2026 16:03,,AD-03,US_SHIFT,2,N,N,N
L101262,Meta,USA,America/New_York,26-07-2026 13:45,27-07-2026 03:49,AD-10,SEA_SHIFT,0,N,N,N
L102857,Meta,USA,America/New_York,25-06-2026 07:50,27-06-2026 19:43,AD-01,US_SHIFT,2,Y,Y,N
L104934,Meta,USA,America/New_York,29-06-2026 09:41,,AD-05,IST_SHIFT,1,N,N,N
L102757,Google,USA,America/New_York,12-06-2026 03:33,,AD-12,US_SHIFT,0,N,N,N
L100985,Meta,USA,America/New_York,19-07-2026 06:43,,AD-09,IST_SHIFT,3,N,N,N
L100183,Google,USA,America/New_York,22-06-2026 17:13,22-06-2026 20:59,AD-03,US_SHIFT,2,Y,Y,N
L101940,Google,USA,America/New_York,27-07-2026 16:25,05-08-2026 14:59,AD-04,US_SHIFT,3,Y,Y,N
L100674,Meta,USA,America/New_York,20-07-2026 06:22,22-07-2026 17:13,AD-09,IST_SHIFT,1,N,N,N
L104525,Google,USA,America/New_York,30-07-2026 14:48,02-08-2026 19:00,AD-12,US_SHIFT,1,Y,Y,Y
L102842,Organic,USA,America/New_York,06-06-2026 17:42,10-06-2026 17:57,AD-03,US_SHIFT,1,N,N,N
L101564,Meta,USA,America/New_York,05-06-2026 17:59,06-06-2026 16:02,AD-10,SEA_SHIFT,3,Y,N,N
L101489,Meta,USA,America/New_York,18-06-2026 23:29,19-06-2026 22:43,AD-11,SEA_SHIFT,3,N,N,N
L102152,Meta,USA,America/New_York,28-06-2026 09:57,,AD-12,US_SHIFT,4,N,N,N
L103464,Google,USA,America/New_York,02-07-2026 15:22,,AD-12,US_SHIFT,0,N,N,N
L104852,Meta,USA,America/New_York,11-07-2026 13:34,12-07-2026 01:26,AD-07,IST_SHIFT,0,Y,Y,N
L103199,Google,USA,America/New_York,07-06-2026 18:42,,AD-09,IST_SHIFT,2,N,N,N
L102749,Affiliate,USA,America/New_York,30-06-2026 06:46,01-07-2026 02:32,AD-01,US_SHIFT,1,Y,Y,Y
L102681,Affiliate,USA,America/New_York,16-06-2026 01:08,,AD-09,IST_SHIFT,3,N,N,N
L100622,Organic,USA,America/New_York,18-07-2026 23:29,23-07-2026 04:55,AD-02,US_SHIFT,1,Y,Y,N
L104366,Meta,USA,America/New_York,23-06-2026 10:33,24-06-2026 11:27,AD-06,IST_SHIFT,0,Y,Y,N
L102341,Meta,USA,America/New_York,10-07-2026 10:49,17-07-2026 14:12,AD-06,IST_SHIFT,0,N,N,N
L102835,Referral,USA,America/New_York,05-07-2026 03:13,06-07-2026 09:27,AD-07,IST_SHIFT,3,Y,Y,N
L103609,Google,USA,America/New_York,24-06-2026 23:03,28-06-2026 05:29,AD-11,SEA_SHIFT,2,Y,Y,Y
L104374,Meta,USA,America/New_York,28-06-2026 00:26,,AD-03,US_SHIFT,3,N,N,N
L100737,Google,USA,America/New_York,21-07-2026 23:36,23-07-2026 03:44,AD-07,IST_SHIFT,3,Y,Y,N
L104653,Meta,USA,America/New_York,11-07-2026 16:12,,AD-12,US_SHIFT,1,N,N,N
L100387,DSA,USA,America/New_York,04-06-2026 23:26,05-06-2026 18:15,AD-08,IST_SHIFT,4,Y,N,N
L102345,Meta,USA,America/New_York,07-06-2026 04:48,07-06-2026 12:24,AD-06,IST_SHIFT,2,Y,Y,Y
L102794,DSA,USA,America/New_York,27-06-2026 14:16,,AD-08,IST_SHIFT,2,N,N,N
L100934,Referral,USA,America/New_York,17-07-2026 05:17,,AD-11,SEA_SHIFT,1,N,N,N
L104828,Affiliate,USA,America/New_York,18-06-2026 16:41,19-06-2026 06:58,AD-06,IST_SHIFT,2,Y,Y,N
L100905,Google,USA,America/New_York,22-06-2026 12:19,,AD-02,US_SHIFT,1,N,N,N
L102781,Meta,USA,America/New_York,03-06-2026 21:09,,AD-08,IST_SHIFT,2,N,N,N
L104493,Google,USA,America/New_York,29-06-2026 07:04,,AD-12,US_SHIFT,2,N,N,N
L104155,Google,USA,America/New_York,03-06-2026 04:52,06-06-2026 20:07,AD-08,IST_SHIFT,2,Y,Y,Y
L104266,Meta,USA,America/New_York,01-07-2026 03:49,04-07-2026 07:08,AD-03,US_SHIFT,4,N,N,N
L102976,Affiliate,USA,America/New_York,15-06-2026 09:33,21-06-2026 05:18,AD-08,IST_SHIFT,0,N,N,N
L102892,DSA,USA,America/New_York,27-06-2026 23:53,28-06-2026 15:52,AD-01,US_SHIFT,1,Y,Y,N
L100886,Meta,USA,America/New_York,28-06-2026 03:26,,AD-01,US_SHIFT,1,N,N,N
L100569,Google,USA,America/New_York,02-07-2026 01:16,02-07-2026 07:37,AD-07,IST_SHIFT,0,Y,Y,N
L104034,DSA,USA,America/New_York,04-07-2026 01:27,05-07-2026 18:08,AD-08,IST_SHIFT,0,Y,Y,N
L100407,Google,USA,America/New_York,13-07-2026 02:55,17-07-2026 01:03,AD-11,SEA_SHIFT,1,Y,Y,N
L100419,Meta,USA,America/New_York,25-06-2026 21:07,02-07-2026 08:41,AD-05,IST_SHIFT,1,N,N,N
L104224,Meta,USA,America/New_York,13-07-2026 21:58,,AD-03,US_SHIFT,1,N,N,N
L103918,Meta,USA,America/New_York,01-06-2026 05:42,01-06-2026 15:54,AD-02,US_SHIFT,1,N,N,N
L100431,Google,USA,America/New_York,03-06-2026 08:56,08-06-2026 20:56,AD-01,US_SHIFT,3,N,N,N
L103194,Google,USA,America/New_York,11-07-2026 13:18,12-07-2026 03:47,AD-03,US_SHIFT,0,Y,Y,N
L101260,Meta,USA,America/New_York,05-07-2026 10:22,06-07-2026 12:14,AD-10,SEA_SHIFT,2,Y,Y,N
L104360,Meta,USA,America/New_York,31-07-2026 11:03,04-08-2026 20:34,AD-02,US_SHIFT,4,N,N,N
L103117,Meta,USA,America/New_York,02-07-2026 18:30,,AD-08,IST_SHIFT,2,N,N,N
L103938,Affiliate,USA,America/New_York,04-07-2026 03:10,,AD-05,IST_SHIFT,0,N,N,N
L104492,Organic,USA,America/New_York,26-07-2026 13:42,27-07-2026 11:31,AD-10,SEA_SHIFT,3,Y,Y,N
L102054,Affiliate,USA,America/New_York,17-06-2026 15:41,21-06-2026 02:05,AD-03,US_SHIFT,2,N,N,N
L100372,Google,USA,America/New_York,19-06-2026 06:57,21-06-2026 05:57,AD-04,US_SHIFT,0,Y,Y,Y
L101684,Google,USA,America/New_York,23-06-2026 15:37,25-06-2026 07:22,AD-02,US_SHIFT,1,Y,Y,Y
L102123,Meta,USA,America/New_York,25-06-2026 23:36,,AD-05,IST_SHIFT,0,N,N,N
L104969,Meta,USA,America/New_York,18-07-2026 20:55,23-07-2026 07:36,AD-05,IST_SHIFT,2,N,N,N
L100672,Meta,USA,America/New_York,11-07-2026 11:00,12-07-2026 22:32,AD-11,SEA_SHIFT,1,Y,N,N
L104705,Meta,USA,America/New_York,21-07-2026 21:37,22-07-2026 09:09,AD-01,US_SHIFT,1,Y,Y,N
L103811,Meta,USA,America/New_York,27-07-2026 19:48,31-07-2026 14:19,AD-01,US_SHIFT,4,N,N,N
L102801,Meta,USA,America/New_York,06-07-2026 04:45,06-07-2026 08:53,AD-01,US_SHIFT,2,Y,Y,N
L100929,Referral,USA,America/New_York,02-06-2026 01:15,08-06-2026 08:07,AD-03,US_SHIFT,2,N,N,N
L101328,Meta,USA,America/New_York,03-06-2026 16:19,04-06-2026 06:35,AD-05,IST_SHIFT,2,Y,Y,Y
L103315,DSA,USA,America/New_York,13-06-2026 19:03,14-06-2026 04:18,AD-11,SEA_SHIFT,2,Y,Y,N
L104514,Meta,USA,America/New_York,03-06-2026 04:14,,AD-02,US_SHIFT,3,N,N,N
L103276,Meta,USA,America/New_York,19-06-2026 08:06,,AD-09,IST_SHIFT,1,N,N,N
L102017,Meta,USA,America/New_York,22-06-2026 07:21,25-06-2026 23:38,AD-09,IST_SHIFT,4,Y,Y,N
L104131,Organic,USA,America/New_York,04-07-2026 04:03,,AD-05,IST_SHIFT,2,N,N,N
L100412,Affiliate,USA,America/New_York,14-07-2026 23:33,20-07-2026 03:20,AD-03,US_SHIFT,5,Y,Y,Y
L103757,Meta,USA,America/New_York,06-07-2026 05:59,07-07-2026 00:03,AD-11,SEA_SHIFT,1,Y,N,N
L104599,Meta,USA,America/New_York,15-06-2026 02:24,15-06-2026 08:06,AD-12,US_SHIFT,1,Y,Y,Y
L104491,Google,USA,America/New_York,09-07-2026 18:02,09-07-2026 22:44,AD-02,US_SHIFT,0,Y,Y,Y
L100760,Meta,USA,America/New_York,03-06-2026 19:48,,AD-02,US_SHIFT,1,N,N,N
L101493,Meta,USA,America/New_York,26-07-2026 23:39,,AD-06,IST_SHIFT,3,N,N,N
L104274,Google,USA,America/New_York,24-07-2026 13:38,,AD-10,SEA_SHIFT,1,N,N,N
L104931,Affiliate,USA,America/New_York,07-07-2026 01:51,,AD-10,SEA_SHIFT,2,N,N,N
L102289,Meta,USA,America/New_York,25-07-2026 08:26,,AD-06,IST_SHIFT,1,N,N,N
L102379,Meta,USA,America/New_York,05-06-2026 05:53,05-06-2026 15:51,AD-01,US_SHIFT,0,Y,Y,N
L102703,Meta,USA,America/New_York,04-07-2026 23:48,11-07-2026 14:44,AD-03,US_SHIFT,2,N,N,N
L101057,Organic,USA,America/New_York,27-06-2026 01:55,27-06-2026 15:13,AD-09,IST_SHIFT,2,Y,N,N
L103227,Meta,USA,America/New_York,18-07-2026 22:06,,AD-12,US_SHIFT,3,N,N,N
L104865,Meta,USA,America/New_York,07-07-2026 06:55,08-07-2026 00:58,AD-12,US_SHIFT,0,Y,Y,Y
L103924,Meta,USA,America/New_York,05-07-2026 22:25,10-07-2026 06:03,AD-06,IST_SHIFT,4,N,N,N
L103052,Google,USA,America/New_York,07-06-2026 01:09,,AD-03,US_SHIFT,1,N,N,N
L102168,Referral,USA,America/New_York,27-06-2026 13:49,01-07-2026 14:45,AD-03,US_SHIFT,3,N,N,N
L102265,Google,USA,America/New_York,26-06-2026 15:12,30-06-2026 10:05,AD-08,IST_SHIFT,1,N,N,N
L100517,Affiliate,USA,America/New_York,23-07-2026 05:06,,AD-02,US_SHIFT,5,N,N,N
L103839,Google,USA,America/New_York,25-07-2026 20:12,,AD-08,IST_SHIFT,3,N,N,N
L102858,Meta,USA,America/New_York,13-06-2026 00:20,13-06-2026 06:47,AD-06,IST_SHIFT,4,N,N,N
L104816,Affiliate,USA,America/New_York,12-06-2026 19:38,,AD-11,SEA_SHIFT,3,N,N,N
L103772,Google,USA,America/New_York,05-07-2026 23:15,08-07-2026 07:50,AD-01,US_SHIFT,5,N,N,N
L101209,Organic,USA,America/New_York,26-06-2026 18:27,,AD-11,SEA_SHIFT,2,N,N,N
L100115,Affiliate,USA,America/New_York,11-07-2026 18:14,,AD-05,IST_SHIFT,2,N,N,N
L102099,Affiliate,USA,America/New_York,25-06-2026 00:07,,AD-05,IST_SHIFT,2,N,N,N
L103025,Meta,USA,America/New_York,13-07-2026 17:27,,AD-04,US_SHIFT,2,N,N,N
L101127,Google,USA,America/New_York,31-07-2026 09:55,31-07-2026 12:24,AD-01,US_SHIFT,2,N,N,N
L104696,Meta,USA,America/New_York,09-07-2026 19:59,,AD-12,US_SHIFT,5,N,N,N
L103987,Google,USA,America/New_York,30-06-2026 16:45,,AD-01,US_SHIFT,1,N,N,N
L101849,Meta,USA,America/New_York,30-07-2026 10:24,03-08-2026 06:12,AD-06,IST_SHIFT,5,N,N,N
L101699,Meta,USA,America/New_York,19-07-2026 08:45,19-07-2026 19:06,AD-06,IST_SHIFT,2,N,N,N
L103506,Meta,USA,America/New_York,04-07-2026 23:40,06-07-2026 09:37,AD-05,IST_SHIFT,0,N,N,N
L102516,Google,USA,America/New_York,14-07-2026 19:29,24-07-2026 11:34,AD-03,US_SHIFT,6,Y,Y,Y
L104033,Meta,USA,America/New_York,20-07-2026 11:10,20-07-2026 16:00,AD-05,IST_SHIFT,0,Y,Y,N
L103497,Meta,USA,America/New_York,23-06-2026 09:08,23-06-2026 15:04,AD-09,IST_SHIFT,0,Y,N,N
L100186,Google,USA,America/New_York,16-07-2026 11:47,17-07-2026 15:12,AD-09,IST_SHIFT,2,Y,Y,Y
L102556,Google,USA,America/New_York,11-07-2026 15:16,12-07-2026 23:33,AD-01,US_SHIFT,1,Y,Y,N
L100635,Meta,USA,America/New_York,08-06-2026 14:25,,AD-01,US_SHIFT,3,N,N,N
L100721,Affiliate,USA,America/New_York,04-06-2026 12:00,05-06-2026 03:15,AD-06,IST_SHIFT,1,N,N,N
L102134,Google,USA,America/New_York,11-06-2026 21:25,12-06-2026 04:54,AD-01,US_SHIFT,1,N,N,N
L103621,Organic,USA,America/New_York,20-06-2026 18:43,22-06-2026 02:21,AD-12,US_SHIFT,2,Y,Y,N
L102015,Google,USA,America/New_York,19-07-2026 05:12,19-07-2026 10:14,AD-12,US_SHIFT,0,Y,Y,N
L100807,Affiliate,USA,America/New_York,28-07-2026 04:45,28-07-2026 07:27,AD-10,SEA_SHIFT,2,Y,Y,Y
L104896,Google,USA,America/New_York,28-06-2026 03:37,28-06-2026 11:31,AD-12,US_SHIFT,0,N,N,N
L101854,Google,USA,America/New_York,25-07-2026 05:33,31-07-2026 07:04,AD-06,IST_SHIFT,6,N,N,N
L104344,DSA,USA,America/New_York,03-07-2026 07:11,03-07-2026 18:58,AD-04,US_SHIFT,1,Y,N,N
L104679,DSA,USA,America/New_York,02-07-2026 19:32,03-07-2026 10:30,AD-03,US_SHIFT,2,Y,Y,Y
L104039,Meta,USA,America/New_York,12-07-2026 04:12,13-07-2026 16:05,AD-07,IST_SHIFT,0,Y,Y,N
L100414,Referral,USA,America/New_York,07-06-2026 19:38,09-06-2026 03:00,AD-08,IST_SHIFT,3,N,N,N
L102419,Google,USA,America/New_York,20-07-2026 02:54,,AD-11,SEA_SHIFT,3,N,N,N
L104988,Organic,USA,America/New_York,07-07-2026 16:25,11-07-2026 18:40,AD-10,SEA_SHIFT,4,N,N,N
L104838,Organic,USA,America/New_York,14-06-2026 11:40,14-06-2026 22:29,AD-02,US_SHIFT,0,Y,Y,Y
L102845,Meta,USA,America/New_York,27-06-2026 05:09,,AD-01,US_SHIFT,2,N,N,N
L100048,DSA,USA,America/New_York,29-07-2026 22:42,,AD-07,IST_SHIFT,2,N,N,N
L104584,Google,USA,America/New_York,22-06-2026 10:26,26-06-2026 11:09,AD-08,IST_SHIFT,0,Y,Y,N
L101402,DSA,USA,America/New_York,24-07-2026 13:21,05-08-2026 00:19,AD-10,SEA_SHIFT,4,N,N,N
L103309,Google,USA,America/New_York,04-06-2026 19:00,06-06-2026 05:08,AD-10,SEA_SHIFT,1,Y,Y,N
L101256,Meta,USA,America/New_York,22-07-2026 23:36,28-07-2026 14:42,AD-05,IST_SHIFT,2,N,N,N
L103123,Affiliate,USA,America/New_York,19-06-2026 13:48,26-06-2026 04:34,AD-09,IST_SHIFT,2,Y,N,N
L102405,Meta,USA,America/New_York,17-06-2026 06:57,18-06-2026 09:51,AD-05,IST_SHIFT,0,Y,Y,Y
L101258,DSA,USA,America/New_York,10-07-2026 20:16,11-07-2026 10:07,AD-02,US_SHIFT,2,N,N,N
L100087,Google,USA,America/New_York,16-06-2026 13:33,17-06-2026 09:07,AD-04,US_SHIFT,1,Y,Y,N
L101107,Meta,USA,America/New_York,25-07-2026 04:41,,AD-09,IST_SHIFT,2,N,N,N
L104268,DSA,USA,America/New_York,20-06-2026 08:47,20-06-2026 13:11,AD-11,SEA_SHIFT,0,Y,Y,Y
L104933,DSA,USA,America/New_York,06-06-2026 14:46,,AD-05,IST_SHIFT,3,N,N,N
L102360,Organic,USA,America/New_York,10-07-2026 03:32,10-07-2026 16:04,AD-11,SEA_SHIFT,1,N,N,N
L103504,Meta,USA,America/New_York,02-06-2026 09:23,,AD-02,US_SHIFT,2,N,N,N
L104230,Meta,USA,America/New_York,02-07-2026 11:53,03-07-2026 08:31,AD-06,IST_SHIFT,0,N,N,N
L100712,DSA,USA,America/New_York,25-07-2026 20:22,26-07-2026 07:30,AD-02,US_SHIFT,2,Y,Y,N
L102354,Referral,USA,America/New_York,03-07-2026 20:11,04-07-2026 09:15,AD-05,IST_SHIFT,0,N,N,N
L101444,Referral,USA,America/New_York,21-06-2026 18:30,26-06-2026 20:04,AD-03,US_SHIFT,3,Y,Y,Y
L100243,Meta,USA,America/New_York,10-06-2026 23:36,12-06-2026 02:31,AD-02,US_SHIFT,3,N,N,N
L103053,Meta,USA,America/New_York,11-07-2026 10:30,15-07-2026 03:25,AD-04,US_SHIFT,3,Y,Y,N
L103959,Google,USA,America/New_York,15-07-2026 17:10,,AD-06,IST_SHIFT,1,N,N,N
L104074,Meta,USA,America/New_York,22-06-2026 18:21,23-06-2026 17:52,AD-06,IST_SHIFT,2,Y,Y,Y
L104164,DSA,USA,America/New_York,31-07-2026 00:06,08-08-2026 12:59,AD-05,IST_SHIFT,2,Y,Y,N
L102145,DSA,USA,America/New_York,13-07-2026 06:33,,AD-03,US_SHIFT,1,N,N,N
L101533,Referral,USA,America/New_York,16-06-2026 19:40,23-06-2026 04:07,AD-09,IST_SHIFT,8,Y,N,N
L104187,Affiliate,USA,America/New_York,27-07-2026 03:42,,AD-04,US_SHIFT,0,N,N,N
L102585,Meta,USA,America/New_York,30-06-2026 02:59,05-07-2026 17:27,AD-02,US_SHIFT,4,N,N,N
L102373,Affiliate,USA,America/New_York,11-06-2026 02:58,12-06-2026 01:13,AD-06,IST_SHIFT,0,Y,Y,N
L101925,Google,USA,America/New_York,24-06-2026 16:05,,AD-10,SEA_SHIFT,0,N,N,N
L103581,Google,USA,America/New_York,26-06-2026 14:38,26-06-2026 18:51,AD-01,US_SHIFT,0,Y,Y,Y
L101698,Google,USA,America/New_York,04-07-2026 17:00,05-07-2026 13:14,AD-05,IST_SHIFT,2,Y,Y,N
L102852,Meta,USA,America/New_York,21-06-2026 18:35,24-06-2026 14:25,AD-01,US_SHIFT,2,N,N,N
L101313,Meta,USA,America/New_York,04-07-2026 08:37,05-07-2026 07:55,AD-08,IST_SHIFT,2,Y,Y,N
L102905,Organic,USA,America/New_York,30-07-2026 23:05,01-08-2026 13:06,AD-06,IST_SHIFT,2,N,N,N
L100533,Meta,USA,America/New_York,11-06-2026 00:04,12-06-2026 17:08,AD-12,US_SHIFT,1,Y,Y,N
L102791,DSA,USA,America/New_York,29-06-2026 23:18,,AD-05,IST_SHIFT,4,N,N,N
L101268,Google,USA,America/New_York,19-06-2026 10:20,20-06-2026 01:39,AD-11,SEA_SHIFT,1,N,N,N
L102582,Affiliate,USA,America/New_York,06-06-2026 15:26,,AD-01,US_SHIFT,0,N,N,N
L103338,Organic,USA,America/New_York,22-07-2026 13:29,22-07-2026 16:09,AD-10,SEA_SHIFT,2,Y,Y,Y
L100964,Meta,USA,America/New_York,30-06-2026 14:25,,AD-05,IST_SHIFT,3,N,N,N
L103715,Organic,USA,America/New_York,08-07-2026 19:25,,AD-12,US_SHIFT,0,N,N,N
L102166,Google,USA,America/New_York,24-07-2026 08:33,26-07-2026 19:49,AD-12,US_SHIFT,5,N,N,N
L101166,Meta,USA,America/New_York,23-07-2026 23:39,28-07-2026 14:56,AD-04,US_SHIFT,2,N,N,N
L100362,Meta,USA,America/New_York,13-06-2026 11:47,13-06-2026 15:52,AD-01,US_SHIFT,1,N,N,N
L101545,DSA,USA,America/New_York,30-06-2026 06:31,30-06-2026 07:50,AD-07,IST_SHIFT,0,N,N,N
L102877,Google,USA,America/New_York,05-06-2026 13:06,05-06-2026 21:40,AD-07,IST_SHIFT,1,Y,Y,N
L104603,Meta,USA,America/New_York,11-07-2026 16:38,12-07-2026 01:02,AD-10,SEA_SHIFT,0,Y,N,N
L101222,Google,USA,America/New_York,18-06-2026 14:55,18-06-2026 22:14,AD-11,SEA_SHIFT,0,N,N,N
L102081,Google,USA,America/New_York,01-06-2026 05:28,04-06-2026 11:14,AD-11,SEA_SHIFT,0,Y,Y,Y
L104647,Organic,USA,America/New_York,07-07-2026 07:52,08-07-2026 11:44,AD-07,IST_SHIFT,1,Y,N,N
L102326,Referral,USA,America/New_York,20-06-2026 15:52,21-06-2026 06:38,AD-09,IST_SHIFT,1,N,N,N
L101539,Google,USA,America/New_York,03-07-2026 06:34,08-07-2026 04:24,AD-07,IST_SHIFT,2,N,N,N
L102553,Referral,USA,America/New_York,04-06-2026 19:12,,AD-10,SEA_SHIFT,1,N,N,N
L104924,Meta,USA,America/New_York,02-06-2026 03:38,03-06-2026 01:53,AD-09,IST_SHIFT,0,Y,Y,N
L101297,Meta,USA,America/New_York,29-07-2026 04:25,02-08-2026 03:50,AD-03,US_SHIFT,4,Y,Y,N
L100336,Meta,USA,America/New_York,02-07-2026 15:09,03-07-2026 21:22,AD-11,SEA_SHIFT,1,Y,Y,Y
L101365,Meta,USA,America/New_York,07-07-2026 22:01,,AD-07,IST_SHIFT,4,N,N,N
L100662,Organic,USA,America/New_York,08-06-2026 08:11,08-06-2026 15:41,AD-04,US_SHIFT,1,Y,Y,Y
L103351,Google,USA,America/New_York,18-06-2026 11:08,18-06-2026 22:27,AD-05,IST_SHIFT,1,Y,Y,N
L103150,Google,USA,America/New_York,23-07-2026 15:50,,AD-05,IST_SHIFT,2,N,N,N
L101153,Google,USA,America/New_York,04-07-2026 17:15,05-07-2026 10:20,AD-03,US_SHIFT,0,Y,Y,N
L104628,Meta,USA,America/New_York,15-07-2026 16:41,19-07-2026 22:42,AD-03,US_SHIFT,8,N,N,N
L101657,Meta,USA,America/New_York,28-06-2026 02:48,,AD-08,IST_SHIFT,1,N,N,N
L100940,Google,USA,America/New_York,30-06-2026 09:52,30-06-2026 21:09,AD-04,US_SHIFT,0,Y,N,N
L104893,Meta,USA,America/New_York,25-06-2026 11:09,26-06-2026 05:28,AD-03,US_SHIFT,3,N,N,N
L102917,Meta,USA,America/New_York,18-07-2026 13:38,18-07-2026 16:16,AD-05,IST_SHIFT,0,Y,Y,N
L103476,Meta,USA,America/New_York,31-07-2026 05:27,01-08-2026 01:13,AD-02,US_SHIFT,2,Y,Y,N
L104413,Meta,USA,America/New_York,14-07-2026 04:04,15-07-2026 18:28,AD-02,US_SHIFT,2,Y,Y,N
L100785,Organic,USA,America/New_York,26-06-2026 21:26,,AD-09,IST_SHIFT,5,N,N,N
L103114,Google,USA,America/New_York,29-07-2026 08:56,31-07-2026 05:29,AD-03,US_SHIFT,2,Y,Y,N
L104488,Google,USA,America/New_York,11-06-2026 05:18,15-06-2026 20:50,AD-03,US_SHIFT,4,Y,Y,Y
L101583,Referral,USA,America/New_York,04-06-2026 10:34,05-06-2026 07:57,AD-07,IST_SHIFT,1,Y,Y,N
L104029,Organic,USA,America/New_York,21-07-2026 12:16,,AD-10,SEA_SHIFT,2,N,N,N
L102470,Organic,USA,America/New_York,01-06-2026 11:52,05-06-2026 12:13,AD-05,IST_SHIFT,3,Y,Y,N
L100284,Google,USA,America/New_York,05-07-2026 15:57,05-07-2026 23:06,AD-02,US_SHIFT,0,Y,Y,N
L103988,Meta,USA,America/New_York,19-07-2026 10:53,27-07-2026 04:54,AD-02,US_SHIFT,1,Y,N,N
L104020,Organic,USA,America/New_York,23-07-2026 02:53,23-07-2026 05:10,AD-09,IST_SHIFT,2,Y,Y,Y
L102562,Affiliate,USA,America/New_York,06-07-2026 02:06,,AD-08,IST_SHIFT,2,N,N,N
L100968,Google,USA,America/New_York,29-07-2026 23:53,03-08-2026 00:42,AD-12,US_SHIFT,1,Y,Y,Y
L101526,Affiliate,USA,America/New_York,15-06-2026 13:12,,AD-10,SEA_SHIFT,1,N,N,N
L104388,Google,USA,America/New_York,11-07-2026 18:00,14-07-2026 11:06,AD-10,SEA_SHIFT,3,N,N,N
L104479,Meta,USA,America/New_York,26-06-2026 11:46,03-07-2026 14:19,AD-01,US_SHIFT,4,Y,Y,N
L103622,Meta,USA,America/New_York,20-07-2026 03:17,,AD-10,SEA_SHIFT,1,N,N,N
L104818,DSA,USA,America/New_York,04-06-2026 10:57,05-06-2026 22:59,AD-10,SEA_SHIFT,0,Y,Y,N
L100452,Affiliate,USA,America/New_York,25-06-2026 04:58,28-06-2026 02:37,AD-01,US_SHIFT,3,N,N,N
L100740,Meta,USA,America/New_York,01-07-2026 22:35,02-07-2026 01:07,AD-10,SEA_SHIFT,1,Y,Y,N
L102108,Meta,USA,America/New_York,27-07-2026 20:44,,AD-11,SEA_SHIFT,1,N,N,N
L102686,Referral,USA,America/New_York,22-07-2026 22:26,,AD-08,IST_SHIFT,1,N,N,N
L102091,Organic,USA,America/New_York,23-06-2026 07:10,24-06-2026 10:00,AD-06,IST_SHIFT,2,Y,Y,Y
L103697,Affiliate,USA,America/New_York,03-07-2026 00:22,,AD-01,US_SHIFT,1,N,N,N
L100150,Meta,USA,America/New_York,19-06-2026 00:51,19-06-2026 15:44,AD-07,IST_SHIFT,2,N,N,N
L101670,Google,USA,America/New_York,02-06-2026 00:38,,AD-11,SEA_SHIFT,5,N,N,N
L103081,Meta,USA,America/New_York,22-07-2026 14:22,,AD-03,US_SHIFT,5,N,N,N
L103452,Google,USA,America/New_York,26-06-2026 16:22,,AD-01,US_SHIFT,3,N,N,N
L104992,Google,USA,America/New_York,21-06-2026 07:46,21-06-2026 10:10,AD-01,US_SHIFT,1,Y,Y,Y
L102595,Meta,USA,America/New_York,03-06-2026 08:39,04-06-2026 11:04,AD-11,SEA_SHIFT,2,Y,N,N
L103738,Organic,USA,America/New_York,29-06-2026 10:27,05-07-2026 11:45,AD-03,US_SHIFT,3,N,N,N
L102271,DSA,USA,America/New_York,29-06-2026 15:52,,AD-07,IST_SHIFT,1,N,N,N
L104890,Affiliate,USA,America/New_York,10-07-2026 20:22,11-07-2026 00:03,AD-06,IST_SHIFT,1,N,N,N
L103586,Affiliate,USA,America/New_York,13-07-2026 22:16,17-07-2026 01:28,AD-07,IST_SHIFT,1,N,N,N
L101077,DSA,USA,America/New_York,24-07-2026 15:06,25-07-2026 06:53,AD-06,IST_SHIFT,4,Y,Y,Y
L101188,Referral,USA,America/New_York,24-06-2026 10:28,,AD-02,US_SHIFT,5,N,N,N
L104833,Meta,USA,America/New_York,16-07-2026 11:02,16-07-2026 21:53,AD-05,IST_SHIFT,3,Y,Y,Y
L101918,Meta,USA,America/New_York,12-06-2026 17:22,,AD-01,US_SHIFT,3,N,N,N
L103528,Meta,USA,America/New_York,29-06-2026 00:28,,AD-09,IST_SHIFT,2,N,N,N
L101714,Referral,USA,America/New_York,07-06-2026 07:00,,AD-06,IST_SHIFT,3,N,N,N
L104945,Meta,USA,America/New_York,24-07-2026 03:29,24-07-2026 07:00,AD-01,US_SHIFT,2,Y,Y,N
L102346,Google,USA,America/New_York,23-07-2026 23:11,30-07-2026 23:48,AD-01,US_SHIFT,4,Y,Y,N
L104092,Google,USA,America/New_York,22-06-2026 10:13,22-06-2026 15:29,AD-12,US_SHIFT,0,Y,N,N
L101524,Meta,USA,America/New_York,17-07-2026 05:40,17-07-2026 18:45,AD-09,IST_SHIFT,0,Y,Y,N
L100531,Affiliate,USA,America/New_York,30-06-2026 15:43,01-07-2026 01:58,AD-10,SEA_SHIFT,2,Y,Y,N
L101844,Google,USA,America/New_York,30-07-2026 19:38,31-07-2026 19:47,AD-12,US_SHIFT,2,Y,Y,N
L100420,Affiliate,USA,America/New_York,08-07-2026 18:03,14-07-2026 07:48,AD-04,US_SHIFT,2,Y,Y,N
L100761,Affiliate,USA,America/New_York,22-06-2026 10:15,,AD-04,US_SHIFT,3,N,N,N
L103519,Google,USA,America/New_York,09-06-2026 08:54,13-06-2026 17:55,AD-02,US_SHIFT,2,N,N,N
L101128,Affiliate,USA,America/New_York,11-07-2026 05:32,11-07-2026 08:52,AD-02,US_SHIFT,0,N,N,N
L100884,Google,USA,America/New_York,22-07-2026 10:12,,AD-01,US_SHIFT,4,N,N,N
L104040,Organic,USA,America/New_York,12-07-2026 08:11,12-07-2026 11:49,AD-01,US_SHIFT,1,Y,Y,N
L103647,Meta,USA,America/New_York,25-06-2026 09:30,,AD-11,SEA_SHIFT,0,N,N,N
L103852,Meta,USA,America/New_York,29-07-2026 05:11,,AD-01,US_SHIFT,2,N,N,N
L101039,Google,USA,America/New_York,16-06-2026 16:17,,AD-11,SEA_SHIFT,6,N,N,N
L104965,DSA,USA,America/New_York,23-06-2026 19:37,,AD-09,IST_SHIFT,2,N,N,N
L102992,Affiliate,USA,America/New_York,27-07-2026 20:56,,AD-07,IST_SHIFT,1,N,N,N
L100416,Affiliate,USA,America/New_York,28-07-2026 08:59,,AD-11,SEA_SHIFT,1,N,N,N
L101544,Organic,USA,America/New_York,31-07-2026 10:07,31-07-2026 21:54,AD-08,IST_SHIFT,1,N,N,N
L102218,Meta,USA,America/New_York,19-07-2026 04:53,19-07-2026 17:23,AD-03,US_SHIFT,2,N,N,N
L103015,Meta,USA,America/New_York,23-06-2026 02:40,,AD-11,SEA_SHIFT,2,N,N,N
L101831,Meta,USA,America/New_York,08-06-2026 15:36,,AD-11,SEA_SHIFT,1,N,N,N
L104860,Referral,USA,America/New_York,17-06-2026 10:15,,AD-03,US_SHIFT,3,N,N,N
L104381,Meta,USA,America/New_York,10-07-2026 09:42,,AD-02,US_SHIFT,2,N,N,N
L104396,Google,USA,America/New_York,18-07-2026 18:01,,AD-03,US_SHIFT,3,N,N,N
L100572,Google,USA,America/New_York,24-07-2026 13:29,24-07-2026 20:18,AD-02,US_SHIFT,0,Y,Y,N
L102118,Meta,USA,America/New_York,30-07-2026 20:43,,AD-01,US_SHIFT,4,N,N,N
L101680,DSA,USA,America/New_York,06-07-2026 11:53,07-07-2026 02:34,AD-12,US_SHIFT,2,Y,Y,N
L100993,Meta,USA,America/New_York,13-06-2026 11:18,,AD-08,IST_SHIFT,2,N,N,N
L100814,DSA,USA,America/New_York,21-06-2026 19:35,22-06-2026 01:22,AD-09,IST_SHIFT,4,N,N,N
L103807,Meta,USA,America/New_York,29-06-2026 08:39,,AD-12,US_SHIFT,2,N,N,N
L100648,Meta,USA,America/New_York,22-07-2026 21:35,,AD-04,US_SHIFT,3,N,N,N
L101035,Organic,USA,America/New_York,17-06-2026 21:31,18-06-2026 10:35,AD-10,SEA_SHIFT,1,N,N,N
L100219,Meta,USA,America/New_York,08-06-2026 03:27,11-06-2026 19:49,AD-12,US_SHIFT,2,N,N,N
L100133,DSA,USA,America/New_York,14-06-2026 16:48,,AD-09,IST_SHIFT,1,N,N,N
L104139,Organic,USA,America/New_York,26-07-2026 00:58,31-07-2026 14:07,AD-09,IST_SHIFT,0,Y,Y,N
L104473,DSA,USA,America/New_York,03-07-2026 17:38,,AD-12,US_SHIFT,3,N,N,N
L103618,Google,USA,America/New_York,09-06-2026 04:13,,AD-07,IST_SHIFT,4,N,N,N
L103494,DSA,USA,America/New_York,14-07-2026 17:09,16-07-2026 05:01,AD-02,US_SHIFT,0,Y,Y,N
L103591,Meta,USA,America/New_York,24-07-2026 22:47,28-07-2026 00:37,AD-04,US_SHIFT,2,Y,Y,N
L100600,Referral,USA,America/New_York,27-06-2026 08:58,,AD-08,IST_SHIFT,0,N,N,N
L100701,Google,USA,America/New_York,18-07-2026 06:03,24-07-2026 12:42,AD-09,IST_SHIFT,3,N,N,N
L100854,Meta,USA,America/New_York,05-07-2026 02:30,,AD-07,IST_SHIFT,5,N,N,N
L102154,Meta,USA,America/New_York,30-06-2026 18:19,07-07-2026 10:00,AD-11,SEA_SHIFT,1,N,N,N
L103969,Affiliate,USA,America/New_York,30-06-2026 08:18,05-07-2026 15:11,AD-12,US_SHIFT,0,Y,Y,N
L103386,Affiliate,USA,America/New_York,16-07-2026 05:49,,AD-07,IST_SHIFT,3,N,N,N
L102746,Meta,USA,America/New_York,07-07-2026 15:12,09-07-2026 06:21,AD-12,US_SHIFT,1,Y,N,N
L102501,Meta,USA,America/New_York,15-06-2026 22:11,,AD-11,SEA_SHIFT,3,N,N,N
L104147,Organic,USA,America/New_York,27-06-2026 03:52,02-07-2026 13:06,AD-10,SEA_SHIFT,2,N,N,N
L102258,Google,USA,America/New_York,12-06-2026 01:51,12-06-2026 04:20,AD-12,US_SHIFT,2,Y,Y,N
L101644,Meta,USA,America/New_York,22-06-2026 04:22,26-06-2026 23:33,AD-10,SEA_SHIFT,5,Y,Y,N
L103705,Meta,USA,America/New_York,31-07-2026 17:33,06-08-2026 05:03,AD-07,IST_SHIFT,2,N,N,N
L103422,Organic,USA,America/New_York,27-07-2026 19:50,27-07-2026 22:45,AD-06,IST_SHIFT,0,N,N,N
L104747,DSA,USA,America/New_York,17-06-2026 02:03,,AD-05,IST_SHIFT,1,N,N,N
L104250,Google,USA,America/New_York,14-07-2026 18:27,,AD-02,US_SHIFT,3,N,N,N
L104825,Meta,USA,America/New_York,02-07-2026 19:34,03-07-2026 09:40,AD-12,US_SHIFT,0,Y,Y,N
L100479,Affiliate,USA,America/New_York,28-07-2026 00:38,04-08-2026 20:47,AD-12,US_SHIFT,3,N,N,N
L104218,Meta,USA,America/New_York,15-06-2026 00:41,16-06-2026 00:42,AD-09,IST_SHIFT,1,Y,Y,N
L101121,Affiliate,USA,America/New_York,10-07-2026 09:14,13-07-2026 22:44,AD-12,US_SHIFT,0,Y,Y,Y
L100259,Google,USA,America/New_York,20-06-2026 09:29,,AD-06,IST_SHIFT,5,N,N,N
L104762,Meta,USA,America/New_York,04-07-2026 00:52,05-07-2026 22:22,AD-01,US_SHIFT,0,Y,Y,N
L101483,Google,USA,America/New_York,18-06-2026 20:40,,AD-05,IST_SHIFT,2,N,N,N
L103592,Organic,USA,America/New_York,07-06-2026 03:39,,AD-08,IST_SHIFT,4,N,N,N
L104017,Meta,USA,America/New_York,23-06-2026 22:37,25-06-2026 00:46,AD-11,SEA_SHIFT,0,Y,Y,N
L104107,Meta,USA,America/New_York,08-07-2026 20:58,14-07-2026 08:46,AD-08,IST_SHIFT,1,Y,Y,N
L104256,Organic,USA,America/New_York,26-07-2026 14:46,27-07-2026 01:07,AD-05,IST_SHIFT,1,Y,Y,Y
L104589,Meta,USA,America/New_York,31-07-2026 09:56,08-08-2026 00:27,AD-02,US_SHIFT,1,N,N,N
L103610,DSA,USA,America/New_York,08-07-2026 05:28,08-07-2026 20:00,AD-12,US_SHIFT,3,Y,Y,N
L102652,Meta,USA,America/New_York,04-06-2026 17:41,09-06-2026 01:03,AD-04,US_SHIFT,4,N,N,N
L100438,Google,USA,America/New_York,28-07-2026 17:00,,AD-01,US_SHIFT,1,N,N,N
L103783,Google,USA,America/New_York,23-06-2026 14:55,23-06-2026 17:37,AD-07,IST_SHIFT,3,Y,N,N
L102019,Meta,USA,America/New_York,03-06-2026 03:34,,AD-08,IST_SHIFT,2,N,N,N
L104052,Affiliate,USA,America/New_York,15-07-2026 05:46,16-07-2026 00:23,AD-10,SEA_SHIFT,1,Y,Y,Y
L102001,Meta,USA,America/New_York,22-07-2026 09:10,22-07-2026 21:25,AD-03,US_SHIFT,0,Y,Y,N
L103658,Google,USA,America/New_York,06-06-2026 19:42,07-06-2026 16:46,AD-03,US_SHIFT,0,Y,Y,N
L100012,Meta,USA,America/New_York,04-06-2026 10:34,05-06-2026 18:29,AD-07,IST_SHIFT,5,Y,Y,N
L103068,DSA,USA,America/New_York,29-06-2026 02:11,04-07-2026 06:20,AD-04,US_SHIFT,0,N,N,N
L103498,Google,USA,America/New_York,07-07-2026 07:41,09-07-2026 17:08,AD-01,US_SHIFT,1,Y,Y,N
L103768,DSA,USA,America/New_York,31-07-2026 05:48,,AD-08,IST_SHIFT,1,N,N,N
L103046,Meta,USA,America/New_York,16-06-2026 10:19,22-06-2026 17:16,AD-06,IST_SHIFT,2,N,N,N
L101310,Organic,USA,America/New_York,16-07-2026 15:07,21-07-2026 10:47,AD-02,US_SHIFT,4,Y,Y,N
L101935,DSA,USA,America/New_York,12-07-2026 16:13,13-07-2026 19:29,AD-12,US_SHIFT,2,N,N,N
L104674,DSA,USA,America/New_York,08-06-2026 21:01,17-06-2026 03:02,AD-06,IST_SHIFT,2,N,N,N
L102536,Google,USA,America/New_York,02-07-2026 14:33,04-07-2026 05:08,AD-04,US_SHIFT,1,N,N,N
L103153,Meta,USA,America/New_York,14-07-2026 19:09,22-07-2026 09:40,AD-09,IST_SHIFT,2,N,N,N
L100127,Meta,USA,America/New_York,02-06-2026 03:04,02-06-2026 19:28,AD-04,US_SHIFT,0,Y,Y,N
L100117,Organic,USA,America/New_York,09-07-2026 07:41,10-07-2026 00:22,AD-09,IST_SHIFT,0,Y,Y,Y
L101289,Meta,USA,America/New_York,23-07-2026 10:02,,AD-04,US_SHIFT,3,N,N,N
L104846,Affiliate,USA,America/New_York,11-07-2026 14:55,,AD-12,US_SHIFT,4,N,N,N
L104370,Google,USA,America/New_York,17-06-2026 07:53,25-06-2026 14:22,AD-07,IST_SHIFT,2,N,N,N
L102142,Referral,USA,America/New_York,06-06-2026 04:17,,AD-05,IST_SHIFT,4,N,N,N
L102751,Google,USA,America/New_York,14-06-2026 08:35,,AD-02,US_SHIFT,4,N,N,N
L104572,Affiliate,USA,America/New_York,27-07-2026 09:26,,AD-10,SEA_SHIFT,1,N,N,N
L104444,Referral,USA,America/New_York,25-06-2026 19:42,01-07-2026 18:29,AD-02,US_SHIFT,4,N,N,N
L104946,Google,USA,America/New_York,07-07-2026 17:58,,AD-01,US_SHIFT,3,N,N,N
L104027,Meta,USA,America/New_York,19-06-2026 03:17,,AD-04,US_SHIFT,5,N,N,N
L101119,Meta,USA,America/New_York,24-07-2026 14:09,26-07-2026 11:02,AD-03,US_SHIFT,2,Y,N,N
L103223,Meta,USA,America/New_York,13-06-2026 16:56,14-06-2026 01:32,AD-02,US_SHIFT,0,Y,Y,N
L100823,DSA,USA,America/New_York,15-07-2026 04:49,19-07-2026 20:11,AD-02,US_SHIFT,5,N,N,N
L100289,Affiliate,USA,America/New_York,07-07-2026 12:34,12-07-2026 00:27,AD-05,IST_SHIFT,0,N,N,N
L104304,Meta,USA,America/New_York,18-06-2026 16:39,19-06-2026 12:30,AD-04,US_SHIFT,0,Y,Y,Y
L101052,Organic,USA,America/New_York,17-07-2026 11:16,22-07-2026 10:06,AD-09,IST_SHIFT,4,Y,Y,N
L102962,DSA,USA,America/New_York,28-06-2026 04:40,28-06-2026 14:38,AD-02,US_SHIFT,0,Y,Y,N
L104465,Google,USA,America/New_York,20-06-2026 08:40,23-06-2026 20:28,AD-02,US_SHIFT,1,Y,Y,N
L101527,Meta,USA,America/New_York,13-06-2026 08:16,23-06-2026 15:19,AD-02,US_SHIFT,2,N,N,N
L100801,DSA,USA,America/New_York,30-06-2026 04:15,30-06-2026 17:18,AD-09,IST_SHIFT,1,Y,Y,N
L100532,Referral,USA,America/New_York,02-07-2026 09:14,02-07-2026 15:36,AD-06,IST_SHIFT,1,Y,N,N
L103547,Meta,USA,America/New_York,20-07-2026 02:49,,AD-03,US_SHIFT,4,N,N,N
L100191,Meta,USA,America/New_York,25-07-2026 08:13,,AD-01,US_SHIFT,1,N,N,N
L102453,Meta,USA,America/New_York,06-06-2026 00:45,06-06-2026 06:49,AD-09,IST_SHIFT,1,N,N,N
L104090,Meta,USA,America/New_York,17-07-2026 14:01,,AD-03,US_SHIFT,0,N,N,N
L104320,Organic,USA,America/New_York,15-07-2026 01:59,21-07-2026 17:04,AD-12,US_SHIFT,2,Y,Y,N
L102730,Meta,USA,America/New_York,25-07-2026 15:49,04-08-2026 12:46,AD-01,US_SHIFT,0,N,N,N
L104160,Meta,USA,America/New_York,03-07-2026 13:23,04-07-2026 11:02,AD-09,IST_SHIFT,2,Y,Y,N
L102869,Google,USA,America/New_York,28-07-2026 03:32,28-07-2026 06:10,AD-08,IST_SHIFT,3,Y,Y,N
L101893,Google,USA,America/New_York,12-07-2026 07:52,13-07-2026 20:18,AD-01,US_SHIFT,1,Y,Y,N
L104328,DSA,USA,America/New_York,26-07-2026 02:42,,AD-01,US_SHIFT,1,N,N,N
L100789,Google,USA,America/New_York,16-07-2026 10:16,17-07-2026 06:52,AD-10,SEA_SHIFT,0,Y,Y,N
L102391,Meta,USA,America/New_York,21-06-2026 11:24,25-06-2026 21:07,AD-05,IST_SHIFT,0,N,N,N
L100111,Google,USA,America/New_York,25-06-2026 10:24,25-06-2026 20:23,AD-04,US_SHIFT,1,Y,Y,Y
L100997,Organic,USA,America/New_York,22-06-2026 17:39,27-06-2026 17:19,AD-10,SEA_SHIFT,1,N,N,N
L102194,Meta,USA,America/New_York,02-06-2026 10:49,,AD-06,IST_SHIFT,2,N,N,N
L103846,Organic,USA,America/New_York,13-07-2026 10:16,,AD-04,US_SHIFT,1,N,N,N
L100198,Affiliate,USA,America/New_York,01-06-2026 01:20,,AD-08,IST_SHIFT,1,N,N,N
L101690,DSA,USA,America/New_York,18-06-2026 00:41,,AD-08,IST_SHIFT,0,N,N,N
L100694,Affiliate,USA,America/New_York,17-07-2026 07:22,18-07-2026 08:32,AD-11,SEA_SHIFT,0,Y,Y,N
L101499,Organic,USA,America/New_York,03-07-2026 11:54,,AD-07,IST_SHIFT,1,N,N,N
L100748,Google,USA,America/New_York,05-06-2026 08:51,06-06-2026 00:36,AD-03,US_SHIFT,1,Y,Y,N
L104660,Meta,USA,America/New_York,21-06-2026 11:21,21-06-2026 18:39,AD-07,IST_SHIFT,2,N,N,N
L100668,Meta,USA,America/New_York,31-07-2026 07:32,04-08-2026 07:48,AD-10,SEA_SHIFT,4,Y,Y,N
L103763,Meta,USA,America/New_York,24-06-2026 09:18,24-06-2026 10:18,AD-07,IST_SHIFT,1,N,N,N
L101116,Meta,USA,America/New_York,02-07-2026 07:41,03-07-2026 16:51,AD-12,US_SHIFT,1,Y,Y,N
L101720,Meta,USA,America/New_York,22-07-2026 06:52,,AD-07,IST_SHIFT,5,N,N,N
L103294,Meta,USA,America/New_York,12-06-2026 19:17,,AD-02,US_SHIFT,1,N,N,N
L100949,Google,USA,America/New_York,16-06-2026 21:09,,AD-02,US_SHIFT,2,N,N,N
L101884,Meta,USA,America/New_York,04-06-2026 21:33,09-06-2026 06:05,AD-04,US_SHIFT,2,N,N,N
L101696,Referral,USA,America/New_York,25-07-2026 13:58,02-08-2026 01:57,AD-05,IST_SHIFT,0,Y,N,N
L103138,Meta,USA,America/New_York,11-06-2026 13:41,12-06-2026 18:47,AD-12,US_SHIFT,1,Y,Y,Y
L101442,Google,USA,America/New_York,01-06-2026 06:24,01-06-2026 09:20,AD-11,SEA_SHIFT,2,Y,Y,Y
L103408,Meta,USA,America/New_York,14-07-2026 10:47,,AD-11,SEA_SHIFT,3,N,N,N
L104215,Meta,USA,America/New_York,30-06-2026 17:36,,AD-03,US_SHIFT,2,N,N,N
L102718,Google,USA,America/New_York,15-07-2026 11:15,,AD-10,SEA_SHIFT,5,N,N,N
L103084,Meta,USA,America/New_York,13-07-2026 13:18,,AD-02,US_SHIFT,2,N,N,N
L102923,Meta,USA,America/New_York,22-07-2026 12:04,22-07-2026 20:24,AD-07,IST_SHIFT,0,Y,Y,N
L104275,Meta,USA,America/New_York,12-07-2026 05:37,,AD-08,IST_SHIFT,2,N,N,N
L100024,Google,USA,America/New_York,23-06-2026 19:56,25-06-2026 03:02,AD-03,US_SHIFT,0,Y,Y,Y
L102026,Meta,USA,America/New_York,08-07-2026 22:06,12-07-2026 20:48,AD-05,IST_SHIFT,1,Y,Y,Y
L101364,Meta,USA,America/New_York,26-07-2026 08:17,01-08-2026 08:23,AD-06,IST_SHIFT,4,N,N,N
L103684,Google,USA,America/New_York,21-07-2026 09:19,,AD-03,US_SHIFT,0,N,N,N
L100636,Google,USA,America/New_York,07-06-2026 22:58,09-06-2026 15:35,AD-10,SEA_SHIFT,4,N,N,N
L100795,DSA,USA,America/New_York,07-06-2026 08:30,10-06-2026 03:59,AD-01,US_SHIFT,5,Y,Y,N
L102220,Meta,USA,America/New_York,18-06-2026 01:36,,AD-05,IST_SHIFT,3,N,N,N
L102069,Google,USA,America/New_York,24-07-2026 09:15,25-07-2026 06:21,AD-10,SEA_SHIFT,2,Y,Y,N
L100267,Affiliate,USA,America/New_York,24-06-2026 08:47,,AD-02,US_SHIFT,0,N,N,N
L101778,Affiliate,USA,America/New_York,11-07-2026 20:22,,AD-02,US_SHIFT,7,N,N,N
L102945,Meta,USA,America/New_York,03-06-2026 22:07,,AD-09,IST_SHIFT,2,N,N,N
L104121,Meta,USA,America/New_York,21-07-2026 08:37,27-07-2026 03:55,AD-08,IST_SHIFT,8,Y,Y,N
L100619,Organic,USA,America/New_York,01-07-2026 03:27,03-07-2026 23:15,AD-11,SEA_SHIFT,3,Y,Y,Y
L102684,Meta,USA,America/New_York,03-07-2026 16:10,04-07-2026 22:19,AD-01,US_SHIFT,3,N,N,N
L104800,Meta,USA,America/New_York,18-07-2026 02:26,,AD-08,IST_SHIFT,1,N,N,N
L102750,Meta,USA,America/New_York,27-07-2026 10:25,,AD-05,IST_SHIFT,1,N,N,N
L102787,Google,USA,America/New_York,01-06-2026 10:16,05-06-2026 16:23,AD-08,IST_SHIFT,3,N,N,N
L104579,Google,USA,America/New_York,14-06-2026 09:03,,AD-12,US_SHIFT,2,N,N,N
L102469,Meta,USA,America/New_York,28-06-2026 21:07,02-07-2026 13:39,AD-10,SEA_SHIFT,2,N,N,N
L102742,Google,USA,America/New_York,11-06-2026 14:04,14-06-2026 08:40,AD-11,SEA_SHIFT,2,Y,Y,N
L104727,Meta,USA,America/New_York,28-06-2026 13:28,,AD-06,IST_SHIFT,0,N,N,N
L103321,Meta,USA,America/New_York,09-06-2026 23:17,10-06-2026 18:08,AD-05,IST_SHIFT,4,Y,Y,Y
L100527,Meta,USA,America/New_York,04-06-2026 08:51,12-06-2026 12:57,AD-02,US_SHIFT,2,Y,Y,Y
L103903,Google,USA,America/New_York,14-07-2026 07:13,18-07-2026 21:02,AD-05,IST_SHIFT,4,N,N,N
L100134,Affiliate,USA,America/New_York,04-07-2026 17:14,10-07-2026 00:45,AD-01,US_SHIFT,1,Y,Y,N
L103513,Meta,USA,America/New_York,03-06-2026 10:54,09-06-2026 09:10,AD-07,IST_SHIFT,2,Y,Y,N
L103562,Meta,USA,America/New_York,19-07-2026 06:21,,AD-06,IST_SHIFT,2,N,N,N
L104790,Meta,USA,America/New_York,16-06-2026 09:46,,AD-07,IST_SHIFT,2,N,N,N
L100503,Affiliate,USA,America/New_York,20-06-2026 04:43,23-06-2026 00:30,AD-06,IST_SHIFT,2,Y,Y,N
L101470,DSA,USA,America/New_York,22-07-2026 08:44,,AD-05,IST_SHIFT,6,N,N,N
L101284,Referral,USA,America/New_York,24-07-2026 17:20,,AD-04,US_SHIFT,1,N,N,N
L102568,Meta,USA,America/New_York,15-06-2026 07:52,,AD-03,US_SHIFT,3,N,N,N
L101795,DSA,USA,America/New_York,12-07-2026 08:33,12-07-2026 12:25,AD-01,US_SHIFT,1,Y,Y,N
L103963,Affiliate,USA,America/New_York,08-06-2026 12:13,11-06-2026 11:30,AD-02,US_SHIFT,2,N,N,N
L102520,Meta,USA,America/New_York,07-07-2026 15:01,,AD-03,US_SHIFT,2,N,N,N
L100684,DSA,USA,America/New_York,14-06-2026 01:40,14-06-2026 14:44,AD-12,US_SHIFT,3,Y,Y,N
L101951,Meta,USA,America/New_York,30-06-2026 02:05,,AD-04,US_SHIFT,1,N,N,N
L100827,Meta,USA,America/New_York,26-07-2026 00:14,,AD-08,IST_SHIFT,2,N,N,N
L101261,Meta,USA,America/New_York,21-07-2026 20:31,,AD-11,SEA_SHIFT,0,N,N,N
L104875,Google,USA,America/New_York,22-06-2026 02:00,,AD-04,US_SHIFT,2,N,N,N
L104189,Meta,USA,America/New_York,31-07-2026 14:17,03-08-2026 15:24,AD-12,US_SHIFT,2,Y,Y,Y
L101460,Organic,USA,America/New_York,24-06-2026 13:42,,AD-04,US_SHIFT,0,N,N,N
L101277,Affiliate,USA,America/New_York,03-06-2026 17:44,04-06-2026 07:09,AD-11,SEA_SHIFT,0,Y,Y,N
L100745,Meta,USA,America/New_York,27-06-2026 06:40,28-06-2026 02:54,AD-07,IST_SHIFT,0,Y,Y,N
L104108,Meta,USA,America/New_York,08-06-2026 14:32,,AD-09,IST_SHIFT,1,N,N,N
L101115,Affiliate,USA,America/New_York,09-07-2026 22:47,,AD-08,IST_SHIFT,3,N,N,N
L104627,DSA,USA,America/New_York,26-07-2026 17:36,31-07-2026 10:07,AD-10,SEA_SHIFT,2,Y,N,N
L100200,Referral,USA,America/New_York,28-07-2026 10:17,28-07-2026 14:03,AD-07,IST_SHIFT,1,Y,Y,N
L100440,Google,USA,America/New_York,01-06-2026 13:56,,AD-01,US_SHIFT,2,N,N,N
L102335,Meta,USA,America/New_York,13-06-2026 11:00,14-06-2026 05:09,AD-02,US_SHIFT,3,Y,N,N
L100432,Meta,USA,America/New_York,10-07-2026 01:57,10-07-2026 16:18,AD-05,IST_SHIFT,3,Y,Y,N
L103118,Affiliate,USA,America/New_York,28-06-2026 05:07,28-06-2026 23:54,AD-02,US_SHIFT,3,Y,Y,N
L102158,Meta,USA,America/New_York,07-06-2026 21:57,10-06-2026 13:37,AD-04,US_SHIFT,3,Y,Y,N
L102021,Organic,USA,America/New_York,07-06-2026 15:17,,AD-09,IST_SHIFT,1,N,N,N
L100984,Google,USA,America/New_York,11-07-2026 05:58,,AD-04,US_SHIFT,3,N,N,N
L103444,Meta,USA,America/New_York,11-06-2026 01:55,14-06-2026 23:24,AD-08,IST_SHIFT,3,Y,Y,N
L101647,Google,USA,America/New_York,14-06-2026 19:05,21-06-2026 15:00,AD-08,IST_SHIFT,3,Y,Y,N
L102567,Organic,USA,America/New_York,16-07-2026 03:22,17-07-2026 13:35,AD-01,US_SHIFT,1,Y,Y,N
L100592,Google,USA,America/New_York,17-07-2026 07:28,19-07-2026 23:51,AD-04,US_SHIFT,3,Y,Y,N
L104354,Meta,USA,America/New_York,20-06-2026 22:35,24-06-2026 05:04,AD-08,IST_SHIFT,0,N,N,N
L101409,Referral,USA,America/New_York,02-07-2026 07:13,,AD-04,US_SHIFT,3,N,N,N
L104367,Meta,USA,America/New_York,02-06-2026 05:23,02-06-2026 17:37,AD-02,US_SHIFT,7,N,N,N
L101376,Meta,USA,America/New_York,06-07-2026 16:05,06-07-2026 18:05,AD-06,IST_SHIFT,1,Y,Y,N
L101900,Organic,USA,America/New_York,11-07-2026 01:01,11-07-2026 03:15,AD-01,US_SHIFT,1,N,N,N
L104217,Google,USA,America/New_York,15-07-2026 08:38,18-07-2026 10:57,AD-07,IST_SHIFT,1,Y,Y,N
L100871,Meta,USA,America/New_York,07-07-2026 09:16,07-07-2026 13:52,AD-04,US_SHIFT,1,Y,Y,N
L100354,Meta,USA,America/New_York,30-07-2026 18:15,31-07-2026 04:21,AD-10,SEA_SHIFT,2,Y,Y,N
L102603,Organic,USA,America/New_York,29-07-2026 11:16,,AD-04,US_SHIFT,1,N,N,N
L101596,Meta,USA,America/New_York,02-06-2026 08:51,,AD-12,US_SHIFT,1,N,N,N
L101469,Referral,USA,America/New_York,11-07-2026 18:32,,AD-05,IST_SHIFT,2,N,N,N
L101601,Google,USA,America/New_York,24-07-2026 23:14,,AD-01,US_SHIFT,2,N,N,N
L100458,Meta,USA,America/New_York,31-07-2026 15:18,01-08-2026 16:01,AD-08,IST_SHIFT,3,Y,Y,N
L101857,Google,USA,America/New_York,08-06-2026 04:08,08-06-2026 20:39,AD-11,SEA_SHIFT,0,Y,Y,N
L103177,Meta,USA,America/New_York,23-07-2026 13:55,24-07-2026 05:58,AD-04,US_SHIFT,1,Y,Y,Y
L100691,Google,USA,America/New_York,12-07-2026 15:57,19-07-2026 10:37,AD-12,US_SHIFT,4,N,N,N
L101675,Meta,USA,America/New_York,23-06-2026 13:13,28-06-2026 02:52,AD-12,US_SHIFT,5,N,N,N
L103967,Meta,USA,America/New_York,14-06-2026 03:39,19-06-2026 19:14,AD-04,US_SHIFT,1,Y,Y,Y
L103491,Meta,USA,America/New_York,25-06-2026 17:53,,AD-01,US_SHIFT,8,N,N,N
L101708,Organic,USA,America/New_York,20-06-2026 20:15,21-06-2026 01:52,AD-04,US_SHIFT,3,Y,Y,N
L104339,Referral,USA,America/New_York,12-07-2026 10:20,13-07-2026 17:04,AD-03,US_SHIFT,2,Y,Y,N
L100546,Meta,USA,America/New_York,26-07-2026 12:28,27-07-2026 08:09,AD-04,US_SHIFT,1,Y,Y,N
L103036,DSA,USA,America/New_York,12-06-2026 19:13,,AD-04,US_SHIFT,5,N,N,N
L101550,Meta,USA,America/New_York,09-06-2026 23:03,,AD-12,US_SHIFT,0,N,N,N
L103234,Google,USA,America/New_York,05-06-2026 03:55,,AD-03,US_SHIFT,3,N,N,N
L102132,DSA,USA,America/New_York,14-06-2026 00:55,14-06-2026 20:29,AD-02,US_SHIFT,2,N,N,N
L101748,Google,USA,America/New_York,07-06-2026 18:19,09-06-2026 15:12,AD-03,US_SHIFT,5,Y,Y,N
L103836,Meta,USA,America/New_York,23-07-2026 20:03,28-07-2026 10:21,AD-04,US_SHIFT,3,N,N,N
L101158,Meta,USA,America/New_York,14-07-2026 10:25,21-07-2026 21:57,AD-08,IST_SHIFT,0,N,N,N
L100507,Organic,USA,America/New_York,28-07-2026 04:53,28-07-2026 12:57,AD-09,IST_SHIFT,1,Y,Y,N
L103915,Referral,USA,America/New_York,25-06-2026 21:39,,AD-09,IST_SHIFT,3,N,N,N
L104540,Meta,USA,America/New_York,10-06-2026 02:57,11-06-2026 02:19,AD-05,IST_SHIFT,4,N,N,N
L104608,Google,USA,America/New_York,26-07-2026 20:55,27-07-2026 09:51,AD-04,US_SHIFT,2,N,N,N
L104322,Meta,USA,America/New_York,13-07-2026 19:40,20-07-2026 14:38,AD-01,US_SHIFT,2,N,N,N
L104737,Referral,USA,America/New_York,14-07-2026 13:42,,AD-05,IST_SHIFT,1,N,N,N
L102697,Google,USA,America/New_York,23-06-2026 23:54,24-06-2026 16:07,AD-04,US_SHIFT,1,Y,Y,N
L102825,Google,USA,America/New_York,21-07-2026 10:06,21-07-2026 20:22,AD-02,US_SHIFT,0,N,N,N
L104387,Affiliate,USA,America/New_York,06-06-2026 22:02,07-06-2026 22:39,AD-10,SEA_SHIFT,0,Y,Y,Y
L100862,Organic,USA,America/New_York,18-07-2026 20:38,20-07-2026 07:14,AD-06,IST_SHIFT,0,Y,N,N
L103414,Google,USA,America/New_York,04-07-2026 14:23,,AD-04,US_SHIFT,1,N,N,N
L103499,Affiliate,USA,America/New_York,11-07-2026 21:16,14-07-2026 17:42,AD-03,US_SHIFT,3,Y,Y,Y
L103009,Meta,USA,America/New_York,04-07-2026 23:53,,AD-11,SEA_SHIFT,2,N,N,N
L100396,Meta,USA,America/New_York,18-06-2026 21:39,,AD-08,IST_SHIFT,2,N,N,N
L100928,Meta,USA,America/New_York,03-07-2026 21:18,04-07-2026 19:15,AD-02,US_SHIFT,2,Y,Y,N
L100736,Meta,USA,America/New_York,23-06-2026 03:49,,AD-11,SEA_SHIFT,2,N,N,N
L101578,Referral,USA,America/New_York,22-07-2026 20:20,24-07-2026 06:05,AD-06,IST_SHIFT,4,Y,Y,Y
L100461,Meta,USA,America/New_York,15-07-2026 10:37,,AD-07,IST_SHIFT,2,N,N,N
L101749,Google,USA,America/New_York,09-07-2026 10:49,,AD-10,SEA_SHIFT,1,N,N,N
L104449,Organic,USA,America/New_York,24-06-2026 17:15,25-06-2026 12:25,AD-02,US_SHIFT,2,N,N,N
L104585,Affiliate,USA,America/New_York,24-06-2026 13:45,25-06-2026 04:49,AD-11,SEA_SHIFT,1,Y,Y,N
L100802,Meta,USA,America/New_York,22-07-2026 13:57,,AD-04,US_SHIFT,1,N,N,N
L100939,DSA,USA,America/New_York,23-07-2026 17:17,,AD-08,IST_SHIFT,1,N,N,N
L102841,Google,USA,America/New_York,15-07-2026 14:31,15-07-2026 22:05,AD-04,US_SHIFT,2,Y,Y,N
L102930,Meta,USA,America/New_York,27-06-2026 02:09,27-06-2026 16:14,AD-01,US_SHIFT,5,Y,N,N
L102128,Affiliate,USA,America/New_York,19-06-2026 07:53,,AD-04,US_SHIFT,4,N,N,N
L101325,DSA,USA,America/New_York,23-06-2026 11:17,27-06-2026 01:07,AD-04,US_SHIFT,2,N,N,N
L100571,Meta,USA,America/New_York,18-07-2026 11:20,18-07-2026 23:26,AD-07,IST_SHIFT,2,N,N,N
L104966,Organic,USA,America/New_York,08-07-2026 22:07,09-07-2026 13:17,AD-10,SEA_SHIFT,3,Y,Y,N
L103786,Affiliate,USA,America/New_York,30-06-2026 19:18,30-06-2026 22:58,AD-12,US_SHIFT,1,N,N,N
L101883,Meta,USA,America/New_York,16-06-2026 08:49,,AD-08,IST_SHIFT,2,N,N,N
L103971,Meta,USA,America/New_York,07-07-2026 23:17,,AD-05,IST_SHIFT,3,N,N,N
L104503,Meta,USA,America/New_York,07-07-2026 20:14,10-07-2026 11:55,AD-03,US_SHIFT,2,N,N,N
L100495,Google,USA,America/New_York,09-06-2026 12:29,18-06-2026 04:36,AD-04,US_SHIFT,6,Y,Y,N
L103446,Referral,USA,America/New_York,18-06-2026 18:51,,AD-03,US_SHIFT,1,N,N,N
L101169,Affiliate,USA,America/New_York,27-07-2026 21:07,28-07-2026 10:33,AD-12,US_SHIFT,3,Y,N,N
L102712,DSA,USA,America/New_York,29-07-2026 09:47,31-07-2026 22:16,AD-01,US_SHIFT,2,Y,Y,N
L101308,Referral,USA,America/New_York,07-07-2026 12:11,11-07-2026 11:50,AD-06,IST_SHIFT,0,Y,Y,Y
L103182,Google,USA,America/New_York,30-07-2026 02:48,02-08-2026 21:29,AD-02,US_SHIFT,3,Y,Y,N
L103552,Meta,USA,America/New_York,17-07-2026 18:58,,AD-01,US_SHIFT,4,N,N,N
L100135,Meta,USA,America/New_York,16-06-2026 04:38,16-06-2026 17:27,AD-05,IST_SHIFT,2,Y,Y,N
L102721,Meta,USA,America/New_York,08-07-2026 08:01,,AD-02,US_SHIFT,4,N,N,N
L102543,DSA,USA,America/New_York,07-06-2026 03:24,,AD-03,US_SHIFT,3,N,N,N
L102147,Meta,USA,America/New_York,28-07-2026 07:13,,AD-03,US_SHIFT,3,N,N,N
L103727,Affiliate,USA,America/New_York,04-06-2026 05:49,,AD-01,US_SHIFT,0,N,N,N
L101915,Meta,USA,America/New_York,27-07-2026 05:14,,AD-07,IST_SHIFT,0,N,N,N
L102747,Meta,USA,America/New_York,23-06-2026 01:18,27-06-2026 18:02,AD-01,US_SHIFT,2,Y,Y,N
L104060,DSA,USA,America/New_York,06-07-2026 18:43,07-07-2026 05:02,AD-04,US_SHIFT,3,N,N,N
L102050,Organic,USA,America/New_York,05-06-2026 19:11,09-06-2026 18:42,AD-10,SEA_SHIFT,3,N,N,N
L100361,Organic,USA,America/New_York,16-06-2026 21:23,22-06-2026 06:22,AD-01,US_SHIFT,0,Y,Y,N
L103346,Meta,USA,America/New_York,12-07-2026 19:09,16-07-2026 01:24,AD-02,US_SHIFT,2,N,N,N
L100268,Organic,USA,America/New_York,12-07-2026 15:03,17-07-2026 10:08,AD-02,US_SHIFT,2,N,N,N
L102775,Organic,USA,America/New_York,06-06-2026 13:04,06-06-2026 17:32,AD-06,IST_SHIFT,4,N,N,N
L100778,Affiliate,USA,America/New_York,29-06-2026 13:42,30-06-2026 11:41,AD-05,IST_SHIFT,1,Y,Y,N
L102979,Meta,USA,America/New_York,22-07-2026 14:13,23-07-2026 08:49,AD-12,US_SHIFT,0,N,N,N
L104665,DSA,USA,America/New_York,11-06-2026 06:08,12-06-2026 09:31,AD-01,US_SHIFT,2,Y,N,N
L102866,Meta,USA,America/New_York,23-07-2026 20:23,,AD-01,US_SHIFT,3,N,N,N
L102820,Google,USA,America/New_York,01-07-2026 18:44,10-07-2026 05:50,AD-06,IST_SHIFT,3,Y,N,N
L101511,Meta,USA,America/New_York,08-06-2026 00:06,10-06-2026 14:47,AD-05,IST_SHIFT,0,Y,N,N
L101585,Meta,USA,America/New_York,13-06-2026 03:31,13-06-2026 21:07,AD-06,IST_SHIFT,1,Y,Y,Y
L102124,Meta,USA,America/New_York,01-07-2026 16:38,,AD-06,IST_SHIFT,1,N,N,N
L102768,Affiliate,USA,America/New_York,28-07-2026 07:48,01-08-2026 20:26,AD-03,US_SHIFT,4,Y,Y,N
L102856,Affiliate,USA,America/New_York,19-07-2026 01:08,19-07-2026 03:36,AD-08,IST_SHIFT,1,Y,Y,N
L104096,Google,USA,America/New_York,20-06-2026 06:12,20-06-2026 19:25,AD-04,US_SHIFT,3,N,N,N
L103372,DSA,USA,America/New_York,05-06-2026 04:26,,AD-03,US_SHIFT,2,N,N,N
L104037,Meta,USA,America/New_York,26-06-2026 09:26,26-06-2026 16:13,AD-02,US_SHIFT,2,Y,Y,N
L103568,Meta,USA,America/New_York,14-07-2026 06:32,14-07-2026 18:49,AD-11,SEA_SHIFT,0,N,N,N
L104496,Meta,USA,America/New_York,17-07-2026 00:13,17-07-2026 07:00,AD-05,IST_SHIFT,2,Y,Y,N
L101465,Meta,USA,America/New_York,07-06-2026 06:22,08-06-2026 08:09,AD-08,IST_SHIFT,0,N,N,N
L100935,Meta,USA,America/New_York,22-07-2026 15:35,23-07-2026 18:31,AD-12,US_SHIFT,0,Y,Y,N
L102571,Organic,USA,America/New_York,11-07-2026 09:45,,AD-01,US_SHIFT,4,N,N,N
L103119,Google,USA,America/New_York,04-07-2026 21:22,05-07-2026 13:13,AD-04,US_SHIFT,5,Y,Y,Y
L103399,Affiliate,USA,America/New_York,20-07-2026 13:42,,AD-02,US_SHIFT,1,N,N,N
L104654,Meta,USA,America/New_York,01-07-2026 08:06,06-07-2026 15:06,AD-10,SEA_SHIFT,5,N,N,N
L101919,Meta,USA,America/New_York,01-07-2026 11:47,03-07-2026 02:06,AD-01,US_SHIFT,3,Y,Y,N
L102635,Google,USA,America/New_York,27-06-2026 07:55,28-06-2026 12:24,AD-04,US_SHIFT,2,Y,Y,N
L103601,Google,USA,America/New_York,04-06-2026 15:42,,AD-11,SEA_SHIFT,2,N,N,N
L101005,Affiliate,USA,America/New_York,18-07-2026 19:17,23-07-2026 13:07,AD-03,US_SHIFT,4,Y,Y,N
L100026,Referral,USA,America/New_York,21-07-2026 13:52,21-07-2026 19:47,AD-07,IST_SHIFT,0,N,N,N
L104642,Google,USA,America/New_York,25-06-2026 23:35,,AD-02,US_SHIFT,3,N,N,N
L104273,Meta,USA,America/New_York,08-06-2026 08:54,08-06-2026 22:25,AD-06,IST_SHIFT,2,Y,Y,N
L103629,Meta,USA,America/New_York,29-06-2026 16:35,,AD-03,US_SHIFT,1,N,N,N
L102423,Meta,USA,America/New_York,19-07-2026 18:59,21-07-2026 15:59,AD-01,US_SHIFT,0,Y,Y,Y
L104604,Affiliate,USA,America/New_York,17-06-2026 18:09,18-06-2026 13:35,AD-03,US_SHIFT,0,N,N,N
L102705,Google,USA,America/New_York,27-07-2026 15:03,28-07-2026 05:25,AD-05,IST_SHIFT,2,Y,Y,N
L100504,Meta,USA,America/New_York,01-07-2026 23:40,03-07-2026 18:53,AD-01,US_SHIFT,1,Y,Y,N
L104258,Google,USA,America/New_York,13-06-2026 23:55,,AD-02,US_SHIFT,1,N,N,N
L101474,Affiliate,USA,America/New_York,05-07-2026 06:11,06-07-2026 02:41,AD-09,IST_SHIFT,3,N,N,N
L101023,Google,USA,America/New_York,04-06-2026 08:58,07-06-2026 01:43,AD-06,IST_SHIFT,4,N,N,N
L103718,DSA,USA,America/New_York,04-07-2026 20:13,12-07-2026 13:41,AD-01,US_SHIFT,1,N,N,N
L100502,Meta,USA,America/New_York,12-06-2026 10:11,14-06-2026 09:38,AD-08,IST_SHIFT,1,Y,Y,N
L100833,Meta,USA,America/New_York,16-06-2026 13:38,16-06-2026 19:36,AD-01,US_SHIFT,0,Y,N,N
L101164,Meta,USA,America/New_York,09-07-2026 18:41,09-07-2026 23:56,AD-08,IST_SHIFT,4,N,N,N
L103305,Referral,USA,America/New_York,18-06-2026 23:12,19-06-2026 05:40,AD-12,US_SHIFT,2,Y,Y,N
L102752,Google,USA,America/New_York,13-07-2026 00:08,13-07-2026 03:27,AD-09,IST_SHIFT,0,N,N,N
L100542,Meta,USA,America/New_York,04-06-2026 08:47,04-06-2026 22:31,AD-07,IST_SHIFT,1,Y,Y,Y
L101491,Google,USA,America/New_York,05-06-2026 13:43,,AD-12,US_SHIFT,2,N,N,N
L103108,Meta,USA,America/New_York,10-07-2026 00:52,14-07-2026 05:51,AD-05,IST_SHIFT,2,Y,Y,N
L100565,Meta,USA,America/New_York,05-06-2026 02:28,05-06-2026 23:01,AD-02,US_SHIFT,3,Y,Y,N
L100263,Organic,USA,America/New_York,16-06-2026 09:53,17-06-2026 17:04,AD-03,US_SHIFT,2,Y,Y,N
L103744,DSA,USA,America/New_York,24-07-2026 23:11,,AD-12,US_SHIFT,2,N,N,N
L104719,Meta,USA,America/New_York,07-06-2026 07:28,08-06-2026 15:52,AD-01,US_SHIFT,1,N,N,N
L102831,Meta,USA,America/New_York,30-06-2026 03:55,01-07-2026 06:53,AD-10,SEA_SHIFT,2,Y,Y,N
L103381,Meta,USA,America/New_York,31-07-2026 14:10,04-08-2026 03:46,AD-10,SEA_SHIFT,5,Y,Y,Y
L103066,Referral,USA,America/New_York,14-06-2026 02:11,,AD-12,US_SHIFT,3,N,N,N
L101338,Meta,USA,America/New_York,19-06-2026 20:25,21-06-2026 09:58,AD-03,US_SHIFT,3,Y,Y,Y
L103919,Meta,USA,America/New_York,07-06-2026 16:52,12-06-2026 05:47,AD-04,US_SHIFT,3,Y,Y,Y
L101617,Google,USA,America/New_York,27-06-2026 23:22,28-06-2026 12:08,AD-11,SEA_SHIFT,1,N,N,N
L101902,Meta,USA,America/New_York,10-06-2026 23:12,11-06-2026 20:40,AD-03,US_SHIFT,0,N,N,N
L100032,Google,USA,America/New_York,09-07-2026 11:47,12-07-2026 04:20,AD-04,US_SHIFT,0,N,N,N
L102991,Meta,USA,America/New_York,19-07-2026 04:08,19-07-2026 19:08,AD-10,SEA_SHIFT,0,Y,Y,N
L102978,Organic,USA,America/New_York,28-06-2026 03:08,,AD-07,IST_SHIFT,2,N,N,N
L100240,Meta,USA,America/New_York,04-06-2026 02:18,07-06-2026 08:42,AD-12,US_SHIFT,4,Y,Y,N
L103573,Meta,USA,America/New_York,20-07-2026 19:09,,AD-06,IST_SHIFT,2,N,N,N
L101363,Organic,USA,America/New_York,16-07-2026 02:41,17-07-2026 11:18,AD-06,IST_SHIFT,3,Y,Y,N
L104466,Organic,USA,America/New_York,13-07-2026 15:18,14-07-2026 20:10,AD-02,US_SHIFT,3,Y,N,N
L102267,Google,USA,America/New_York,05-07-2026 12:50,06-07-2026 07:55,AD-09,IST_SHIFT,1,Y,Y,Y
L100217,Referral,USA,America/New_York,01-07-2026 19:29,,AD-07,IST_SHIFT,2,N,N,N
L101621,Google,USA,America/New_York,21-07-2026 18:05,29-07-2026 03:43,AD-09,IST_SHIFT,3,N,N,N
L100553,Google,USA,America/New_York,20-06-2026 14:00,20-06-2026 23:15,AD-03,US_SHIFT,0,Y,N,N
L104288,Referral,USA,America/New_York,29-06-2026 23:11,30-06-2026 12:45,AD-04,US_SHIFT,2,Y,Y,N
L102456,Meta,USA,America/New_York,11-07-2026 06:11,,AD-06,IST_SHIFT,2,N,N,N
L104811,Meta,USA,America/New_York,26-07-2026 01:24,,AD-07,IST_SHIFT,2,N,N,N
L100404,Affiliate,USA,America/New_York,26-07-2026 12:06,26-07-2026 22:37,AD-11,SEA_SHIFT,1,N,N,N
L102844,Meta,USA,America/New_York,22-06-2026 11:13,,AD-01,US_SHIFT,2,N,N,N
L102060,DSA,USA,America/New_York,16-07-2026 00:32,16-07-2026 18:15,AD-09,IST_SHIFT,1,Y,Y,N
L104920,Meta,USA,America/New_York,16-06-2026 03:08,,AD-11,SEA_SHIFT,2,N,N,N
L104432,Google,USA,America/New_York,11-06-2026 09:55,14-06-2026 19:39,AD-04,US_SHIFT,2,N,N,N
L103135,Google,USA,America/New_York,05-06-2026 16:42,,AD-11,SEA_SHIFT,0,N,N,N
L101597,Google,USA,America/New_York,11-06-2026 20:08,,AD-05,IST_SHIFT,3,N,N,N
L100598,DSA,USA,America/New_York,21-07-2026 23:29,,AD-09,IST_SHIFT,3,N,N,N
L103200,Affiliate,USA,America/New_York,11-07-2026 09:29,,AD-11,SEA_SHIFT,3,N,N,N
L103920,Meta,USA,America/New_York,09-07-2026 13:42,09-07-2026 19:18,AD-01,US_SHIFT,1,Y,Y,N
L101123,Meta,USA,America/New_York,07-07-2026 23:25,08-07-2026 15:27,AD-08,IST_SHIFT,1,Y,Y,N
L104484,Meta,USA,America/New_York,27-06-2026 12:35,28-06-2026 06:08,AD-06,IST_SHIFT,0,Y,Y,Y
L103339,Affiliate,USA,America/New_York,12-07-2026 01:19,16-07-2026 20:55,AD-09,IST_SHIFT,2,N,N,N
L103172,Meta,USA,America/New_York,05-07-2026 17:53,08-07-2026 10:15,AD-05,IST_SHIFT,3,Y,N,N
L104295,Organic,USA,America/New_York,15-07-2026 13:17,21-07-2026 02:50,AD-12,US_SHIFT,3,N,N,N
L101455,Meta,USA,America/New_York,09-06-2026 13:58,10-06-2026 23:54,AD-09,IST_SHIFT,0,Y,Y,N
L100326,Meta,USA,America/New_York,21-06-2026 17:10,,AD-02,US_SHIFT,2,N,N,N
L104081,Meta,USA,America/New_York,14-07-2026 13:07,,AD-01,US_SHIFT,1,N,N,N
L102655,Meta,USA,America/New_York,26-07-2026 11:20,27-07-2026 12:23,AD-07,IST_SHIFT,4,N,N,N
L102422,Google,USA,America/New_York,08-06-2026 21:33,,AD-05,IST_SHIFT,1,N,N,N
L103869,Google,USA,America/New_York,08-07-2026 14:00,08-07-2026 16:37,AD-11,SEA_SHIFT,6,Y,Y,N
L103480,Google,USA,America/New_York,25-06-2026 13:00,26-06-2026 09:47,AD-03,US_SHIFT,1,Y,Y,Y
L102254,Affiliate,USA,America/New_York,29-06-2026 17:53,03-07-2026 09:58,AD-08,IST_SHIFT,1,N,N,N
L101939,Meta,USA,America/New_York,17-07-2026 08:39,17-07-2026 10:15,AD-05,IST_SHIFT,4,Y,Y,N
L102512,Referral,USA,America/New_York,23-07-2026 15:34,24-07-2026 01:47,AD-08,IST_SHIFT,0,Y,Y,N
L103873,Meta,USA,America/New_York,06-07-2026 23:12,10-07-2026 17:21,AD-05,IST_SHIFT,2,N,N,N
L101724,Meta,USA,America/New_York,15-07-2026 18:07,,AD-07,IST_SHIFT,0,N,N,N
L100759,Google,USA,America/New_York,16-07-2026 00:15,19-07-2026 11:44,AD-02,US_SHIFT,2,Y,Y,Y
L101479,Google,USA,America/New_York,17-07-2026 21:15,,AD-05,IST_SHIFT,2,N,N,N
L101298,Organic,USA,America/New_York,09-06-2026 05:50,,AD-05,IST_SHIFT,5,N,N,N
L102072,DSA,USA,America/New_York,24-06-2026 04:10,28-06-2026 02:06,AD-06,IST_SHIFT,4,N,N,N
L104620,Meta,USA,America/New_York,06-07-2026 01:44,06-07-2026 10:37,AD-12,US_SHIFT,2,N,N,N
L101852,Google,USA,America/New_York,06-07-2026 07:34,07-07-2026 11:05,AD-11,SEA_SHIFT,3,N,N,N
L101254,Meta,USA,America/New_York,04-07-2026 12:21,08-07-2026 07:17,AD-02,US_SHIFT,1,Y,Y,Y
L102388,Meta,USA,America/New_York,19-06-2026 04:03,19-06-2026 22:17,AD-07,IST_SHIFT,5,Y,Y,Y
L103331,Google,USA,America/New_York,23-07-2026 23:41,30-07-2026 10:30,AD-08,IST_SHIFT,2,N,N,N
L103693,Meta,USA,America/New_York,30-06-2026 04:08,03-07-2026 09:37,AD-02,US_SHIFT,1,N,N,N
L102743,Meta,USA,America/New_York,16-06-2026 19:37,17-06-2026 00:28,AD-01,US_SHIFT,1,Y,Y,N
L100341,Meta,USA,America/New_York,20-07-2026 09:35,,AD-10,SEA_SHIFT,2,N,N,N
L104552,Meta,USA,America/New_York,17-07-2026 12:40,18-07-2026 01:32,AD-08,IST_SHIFT,1,Y,Y,N
L104464,Meta,USA,America/New_York,14-07-2026 16:53,18-07-2026 11:05,AD-02,US_SHIFT,4,Y,N,N
L103526,Google,USA,America/New_York,03-07-2026 13:49,04-07-2026 23:17,AD-08,IST_SHIFT,0,Y,Y,N
L103997,Affiliate,USA,America/New_York,25-06-2026 04:35,,AD-03,US_SHIFT,3,N,N,N
L101853,DSA,USA,America/New_York,11-07-2026 02:13,11-07-2026 17:34,AD-11,SEA_SHIFT,0,Y,Y,Y
L104806,Meta,USA,America/New_York,06-06-2026 05:28,06-06-2026 22:30,AD-09,IST_SHIFT,3,Y,Y,N
L104403,DSA,USA,America/New_York,19-07-2026 16:43,21-07-2026 01:13,AD-01,US_SHIFT,4,N,N,N
L101531,Google,USA,America/New_York,11-06-2026 20:51,15-06-2026 23:12,AD-07,IST_SHIFT,4,Y,Y,N
L102502,Google,USA,America/New_York,22-06-2026 22:58,,AD-07,IST_SHIFT,2,N,N,N
L104546,Google,USA,America/New_York,30-07-2026 21:27,31-07-2026 17:51,AD-12,US_SHIFT,1,Y,Y,N
L103217,Organic,USA,America/New_York,20-06-2026 13:24,23-06-2026 03:17,AD-06,IST_SHIFT,2,N,N,N
L101987,Meta,USA,America/New_York,12-07-2026 16:45,,AD-08,IST_SHIFT,3,N,N,N
L100845,Meta,USA,America/New_York,15-07-2026 10:13,16-07-2026 04:33,AD-06,IST_SHIFT,0,Y,Y,N
L100602,Organic,USA,America/New_York,23-06-2026 02:46,24-06-2026 07:34,AD-05,IST_SHIFT,2,Y,N,N
L102919,Meta,USA,America/New_York,28-07-2026 08:30,28-07-2026 15:34,AD-02,US_SHIFT,0,Y,Y,N
L101302,Meta,USA,America/New_York,22-07-2026 02:38,23-07-2026 06:17,AD-01,US_SHIFT,1,Y,N,N
L100151,Meta,USA,America/New_York,28-07-2026 17:07,02-08-2026 16:45,AD-04,US_SHIFT,2,N,N,N
L104192,Meta,USA,America/New_York,03-06-2026 09:28,,AD-07,IST_SHIFT,1,N,N,N
L104355,Organic,USA,America/New_York,26-06-2026 10:44,,AD-10,SEA_SHIFT,3,N,N,N
L102084,Meta,USA,America/New_York,17-07-2026 09:26,17-07-2026 18:51,AD-04,US_SHIFT,2,N,N,N
L100397,Referral,USA,America/New_York,05-07-2026 23:57,06-07-2026 12:39,AD-12,US_SHIFT,3,Y,Y,Y
L101225,Meta,USA,America/New_York,07-06-2026 13:17,08-06-2026 04:22,AD-06,IST_SHIFT,2,Y,Y,N
L101796,Referral,USA,America/New_York,30-07-2026 11:11,30-07-2026 20:34,AD-09,IST_SHIFT,2,Y,N,N
L101240,Affiliate,USA,America/New_York,20-06-2026 12:14,23-06-2026 20:03,AD-04,US_SHIFT,5,Y,Y,N
L101986,Meta,USA,America/New_York,15-06-2026 21:49,16-06-2026 11:02,AD-02,US_SHIFT,2,Y,Y,Y
L102223,Meta,USA,America/New_York,20-06-2026 18:12,21-06-2026 11:18,AD-02,US_SHIFT,4,Y,Y,N
L101021,Meta,USA,America/New_York,12-06-2026 21:46,15-06-2026 21:19,AD-06,IST_SHIFT,6,Y,Y,N
L104442,Organic,USA,America/New_York,21-06-2026 04:06,24-06-2026 14:04,AD-07,IST_SHIFT,4,N,N,N
L104379,Affiliate,USA,America/New_York,10-07-2026 12:16,15-07-2026 05:50,AD-02,US_SHIFT,4,Y,Y,N
L102217,DSA,USA,America/New_York,19-06-2026 17:10,21-06-2026 22:41,AD-12,US_SHIFT,4,Y,Y,N
L103556,Meta,USA,America/New_York,22-06-2026 03:11,22-06-2026 06:05,AD-01,US_SHIFT,1,Y,N,N
L104183,Meta,USA,America/New_York,30-06-2026 11:52,,AD-11,SEA_SHIFT,0,N,N,N
L101582,DSA,USA,America/New_York,13-06-2026 19:58,18-06-2026 11:39,AD-08,IST_SHIFT,1,Y,Y,N
L104943,Meta,USA,America/New_York,09-07-2026 10:45,10-07-2026 02:22,AD-02,US_SHIFT,4,Y,N,N
L100805,Referral,USA,America/New_York,21-06-2026 09:09,,AD-12,US_SHIFT,2,N,N,N
L100185,DSA,USA,America/New_York,04-07-2026 20:21,05-07-2026 16:30,AD-04,US_SHIFT,2,Y,Y,N
L104728,DSA,USA,America/New_York,10-07-2026 11:12,,AD-04,US_SHIFT,1,N,N,N
L104951,Meta,USA,America/New_York,03-06-2026 23:16,04-06-2026 10:46,AD-02,US_SHIFT,3,Y,Y,N
L102797,Google,USA,America/New_York,02-07-2026 00:06,,AD-05,IST_SHIFT,2,N,N,N
L101659,Meta,USA,America/New_York,24-07-2026 13:24,,AD-10,SEA_SHIFT,0,N,N,N
L104111,Referral,USA,America/New_York,17-06-2026 14:00,22-06-2026 04:40,AD-05,IST_SHIFT,3,N,N,N
L102741,Meta,USA,America/New_York,01-07-2026 01:15,,AD-01,US_SHIFT,1,N,N,N
L103221,Meta,USA,America/New_York,11-07-2026 17:53,12-07-2026 02:14,AD-04,US_SHIFT,1,Y,N,N
L104588,Meta,USA,America/New_York,03-07-2026 04:11,03-07-2026 08:36,AD-03,US_SHIFT,1,N,N,N
L102675,Google,USA,America/New_York,20-07-2026 18:12,,AD-04,US_SHIFT,1,N,N,N
L100943,Google,USA,America/New_York,06-07-2026 15:39,,AD-09,IST_SHIFT,1,N,N,N
L103956,Affiliate,USA,America/New_York,23-06-2026 11:18,,AD-04,US_SHIFT,0,N,N,N
L101926,DSA,USA,America/New_York,06-07-2026 23:37,07-07-2026 19:42,AD-12,US_SHIFT,1,Y,Y,N
L104861,Meta,USA,America/New_York,28-06-2026 05:44,,AD-09,IST_SHIFT,0,N,N,N
L102508,Meta,USA,America/New_York,03-07-2026 00:43,03-07-2026 12:49,AD-08,IST_SHIFT,1,Y,Y,Y
L103462,Meta,USA,America/New_York,02-07-2026 23:40,03-07-2026 10:44,AD-09,IST_SHIFT,1,Y,Y,N
L104243,DSA,USA,America/New_York,05-07-2026 03:13,07-07-2026 23:33,AD-05,IST_SHIFT,3,N,N,N
L100429,Referral,USA,America/New_York,15-06-2026 18:59,16-06-2026 00:18,AD-09,IST_SHIFT,3,Y,Y,Y
L101478,Meta,USA,America/New_York,15-07-2026 18:41,16-07-2026 12:45,AD-01,US_SHIFT,1,Y,Y,N
L100320,Meta,USA,America/New_York,17-07-2026 03:32,,AD-09,IST_SHIFT,4,N,N,N
L102048,Referral,USA,America/New_York,27-06-2026 08:32,05-07-2026 02:36,AD-12,US_SHIFT,1,Y,Y,N
L102495,Meta,USA,America/New_York,17-06-2026 19:28,25-06-2026 03:15,AD-04,US_SHIFT,2,N,N,N
L100750,Organic,USA,America/New_York,17-06-2026 05:36,23-06-2026 20:18,AD-04,US_SHIFT,4,N,N,N
L101864,DSA,USA,America/New_York,16-07-2026 02:59,19-07-2026 21:38,AD-12,US_SHIFT,3,Y,Y,N
L102955,Meta,USA,America/New_York,12-07-2026 00:14,12-07-2026 06:22,AD-04,US_SHIFT,1,Y,Y,N
L101667,Meta,USA,America/New_York,06-07-2026 18:31,,AD-02,US_SHIFT,3,N,N,N
L103932,Meta,USA,America/New_York,22-06-2026 02:41,,AD-03,US_SHIFT,2,N,N,N
L101815,Meta,USA,America/New_York,14-07-2026 19:19,16-07-2026 21:36,AD-11,SEA_SHIFT,3,Y,Y,N
L101275,Meta,USA,America/New_York,08-07-2026 14:13,08-07-2026 21:42,AD-08,IST_SHIFT,4,N,N,N
L102301,Google,USA,America/New_York,31-07-2026 08:54,,AD-01,US_SHIFT,0,N,N,N
L100053,DSA,USA,America/New_York,01-06-2026 21:23,,AD-10,SEA_SHIFT,1,N,N,N
L102989,Google,USA,America/New_York,07-07-2026 10:29,12-07-2026 04:34,AD-02,US_SHIFT,1,N,N,N
L102006,Meta,USA,America/New_York,16-06-2026 07:45,,AD-03,US_SHIFT,4,N,N,N
L100301,Organic,USA,America/New_York,19-06-2026 23:16,23-06-2026 13:34,AD-02,US_SHIFT,1,N,N,N
L100102,Meta,USA,America/New_York,11-07-2026 02:04,15-07-2026 19:27,AD-04,US_SHIFT,3,Y,Y,Y
L104468,Google,USA,America/New_York,08-07-2026 10:47,10-07-2026 11:43,AD-07,IST_SHIFT,3,N,N,N
L102449,Meta,USA,America/New_York,14-06-2026 22:11,18-06-2026 14:54,AD-10,SEA_SHIFT,1,Y,Y,N
L102558,DSA,USA,America/New_York,13-07-2026 10:33,,AD-05,IST_SHIFT,2,N,N,N
L102926,DSA,USA,America/New_York,15-06-2026 16:31,20-06-2026 19:47,AD-05,IST_SHIFT,4,N,N,N
L102969,Meta,USA,America/New_York,03-07-2026 00:44,09-07-2026 00:53,AD-11,SEA_SHIFT,1,N,N,N
L101213,Organic,USA,America/New_York,06-07-2026 06:24,,AD-05,IST_SHIFT,1,N,N,N
L103293,Organic,USA,America/New_York,15-07-2026 19:28,19-07-2026 14:56,AD-10,SEA_SHIFT,2,N,N,N
L101184,Meta,USA,America/New_York,24-07-2026 17:47,25-07-2026 00:59,AD-07,IST_SHIFT,3,Y,Y,N
L103467,Organic,USA,America/New_York,07-06-2026 15:07,,AD-02,US_SHIFT,2,N,N,N
L104098,Meta,USA,America/New_York,20-06-2026 01:28,23-06-2026 17:01,AD-04,US_SHIFT,3,Y,N,N
L103413,Affiliate,USA,America/New_York,14-07-2026 23:27,,AD-05,IST_SHIFT,0,N,N,N
L104384,DSA,USA,America/New_York,15-06-2026 00:42,19-06-2026 13:21,AD-01,US_SHIFT,1,N,N,N
L101075,Meta,USA,America/New_York,10-06-2026 16:32,11-06-2026 12:54,AD-06,IST_SHIFT,1,Y,Y,N
L103242,Meta,USA,America/New_York,28-07-2026 13:59,,AD-05,IST_SHIFT,3,N,N,N
L102786,Google,USA,America/New_York,08-06-2026 10:12,,AD-01,US_SHIFT,4,N,N,N
L103762,Google,USA,America/New_York,16-06-2026 15:18,,AD-12,US_SHIFT,1,N,N,N
L103632,Referral,USA,America/New_York,12-07-2026 17:58,13-07-2026 20:06,AD-04,US_SHIFT,1,Y,Y,Y
L101135,Meta,USA,America/New_York,29-06-2026 12:18,,AD-10,SEA_SHIFT,2,N,N,N
L100550,Meta,USA,America/New_York,26-07-2026 05:03,,AD-06,IST_SHIFT,1,N,N,N
L103005,Meta,USA,America/New_York,23-06-2026 08:00,24-06-2026 09:50,AD-09,IST_SHIFT,0,Y,Y,N
L103940,DSA,USA,America/New_York,17-07-2026 12:50,,AD-09,IST_SHIFT,3,N,N,N
L104499,Google,USA,America/New_York,05-06-2026 17:51,06-06-2026 12:47,AD-01,US_SHIFT,1,Y,Y,Y
L102738,Google,USA,America/New_York,12-06-2026 18:55,,AD-01,US_SHIFT,1,N,N,N
L103521,Meta,USA,America/New_York,22-07-2026 10:10,,AD-04,US_SHIFT,3,N,N,N
L102059,Affiliate,USA,America/New_York,18-07-2026 09:52,24-07-2026 07:43,AD-09,IST_SHIFT,1,Y,Y,N
L103576,Google,USA,America/New_York,31-07-2026 16:28,08-08-2026 15:05,AD-08,IST_SHIFT,2,N,N,N
L101753,Meta,USA,America/New_York,14-06-2026 00:03,14-06-2026 07:20,AD-05,IST_SHIFT,2,N,N,N
L100058,Affiliate,USA,America/New_York,06-06-2026 09:26,11-06-2026 22:10,AD-01,US_SHIFT,4,Y,Y,N
L102971,Meta,USA,America/New_York,06-06-2026 16:51,,AD-08,IST_SHIFT,1,N,N,N
L102523,DSA,USA,America/New_York,11-06-2026 05:50,14-06-2026 16:45,AD-08,IST_SHIFT,2,N,N,N
L104970,Meta,USA,America/New_York,14-06-2026 14:50,,AD-03,US_SHIFT,1,N,N,N
L104666,Meta,USA,America/New_York,10-06-2026 02:17,11-06-2026 06:54,AD-01,US_SHIFT,2,Y,Y,N
L101513,Meta,USA,America/New_York,10-06-2026 14:16,11-06-2026 22:56,AD-07,IST_SHIFT,3,Y,Y,N
L101068,Google,USA,America/New_York,21-06-2026 00:11,,AD-08,IST_SHIFT,0,N,N,N
L102195,Meta,USA,America/New_York,02-07-2026 13:02,03-07-2026 03:53,AD-07,IST_SHIFT,2,N,N,N
L103561,Affiliate,USA,America/New_York,05-06-2026 07:20,,AD-11,SEA_SHIFT,5,N,N,N
L101959,Affiliate,USA,America/New_York,03-06-2026 14:19,08-06-2026 02:22,AD-05,IST_SHIFT,1,Y,Y,N
L104539,Meta,USA,America/New_York,01-07-2026 07:37,06-07-2026 09:08,AD-04,US_SHIFT,3,N,N,N
L100626,Referral,USA,America/New_York,19-07-2026 14:36,,AD-01,US_SHIFT,3,N,N,N
L103040,Meta,USA,America/New_York,19-06-2026 14:28,23-06-2026 13:54,AD-02,US_SHIFT,3,N,N,N
L104316,Google,USA,America/New_York,02-06-2026 09:09,,AD-08,IST_SHIFT,2,N,N,N
L102792,Meta,USA,America/New_York,23-06-2026 23:41,,AD-02,US_SHIFT,0,N,N,N
L101910,Google,USA,America/New_York,16-06-2026 16:22,17-06-2026 20:44,AD-04,US_SHIFT,2,Y,Y,N
L102198,Meta,USA,America/New_York,19-07-2026 08:06,22-07-2026 07:13,AD-03,US_SHIFT,2,N,N,N
L104751,Referral,USA,America/New_York,07-07-2026 16:59,,AD-12,US_SHIFT,1,N,N,N
L100775,Referral,USA,America/New_York,12-07-2026 17:41,13-07-2026 18:02,AD-04,US_SHIFT,1,Y,Y,Y
L104605,Meta,USA,America/New_York,26-06-2026 23:39,,AD-02,US_SHIFT,0,N,N,N
L103023,Meta,USA,America/New_York,16-07-2026 11:42,,AD-06,IST_SHIFT,0,N,N,N
L100649,Meta,USA,America/New_York,13-06-2026 20:53,,AD-06,IST_SHIFT,2,N,N,N
L102263,Organic,USA,America/New_York,29-06-2026 08:28,29-06-2026 14:33,AD-05,IST_SHIFT,2,Y,Y,N
L100994,Affiliate,USA,America/New_York,16-06-2026 22:14,17-06-2026 18:02,AD-03,US_SHIFT,0,Y,Y,Y
L102137,Google,USA,America/New_York,20-06-2026 23:55,,AD-02,US_SHIFT,0,N,N,N
L101775,Referral,USA,America/New_York,23-06-2026 22:08,28-06-2026 03:12,AD-10,SEA_SHIFT,2,N,N,N
L103998,Google,USA,America/New_York,03-07-2026 19:22,13-07-2026 01:59,AD-04,US_SHIFT,1,Y,Y,N
L100864,Meta,USA,America/New_York,16-07-2026 15:28,,AD-01,US_SHIFT,5,N,N,N
L103334,Google,USA,America/New_York,20-07-2026 15:30,20-07-2026 18:00,AD-08,IST_SHIFT,1,Y,N,N
L100298,DSA,USA,America/New_York,04-06-2026 02:19,04-06-2026 21:14,AD-09,IST_SHIFT,3,N,N,N
L101899,DSA,USA,America/New_York,28-06-2026 13:50,29-06-2026 04:37,AD-09,IST_SHIFT,1,Y,Y,N
L100266,Meta,USA,America/New_York,11-07-2026 08:27,12-07-2026 04:53,AD-05,IST_SHIFT,1,N,N,N
L101029,Meta,USA,America/New_York,19-06-2026 18:30,,AD-03,US_SHIFT,0,N,N,N
L102938,Affiliate,USA,America/New_York,30-06-2026 04:37,,AD-03,US_SHIFT,4,N,N,N
L103164,Meta,USA,America/New_York,15-06-2026 08:07,,AD-11,SEA_SHIFT,2,N,N,N
L104886,Organic,USA,America/New_York,18-06-2026 03:28,,AD-03,US_SHIFT,3,N,N,N
L103685,DSA,USA,America/New_York,29-07-2026 10:53,29-07-2026 17:14,AD-11,SEA_SHIFT,1,N,N,N
L101785,Meta,USA,America/New_York,04-07-2026 23:33,06-07-2026 17:15,AD-02,US_SHIFT,0,N,N,N
L101936,Affiliate,USA,America/New_York,17-07-2026 11:45,,AD-02,US_SHIFT,0,N,N,N
L104025,Meta,USA,America/New_York,14-06-2026 05:42,20-06-2026 03:05,AD-05,IST_SHIFT,2,N,N,N
L104699,Organic,USA,America/New_York,05-07-2026 14:42,06-07-2026 06:29,AD-05,IST_SHIFT,3,N,N,N
L104925,Affiliate,USA,America/New_York,29-07-2026 17:32,,AD-04,US_SHIFT,1,N,N,N
L102904,Google,USA,America/New_York,04-07-2026 12:06,09-07-2026 00:57,AD-03,US_SHIFT,2,Y,Y,Y
L100881,Google,USA,America/New_York,12-06-2026 02:56,19-06-2026 10:24,AD-06,IST_SHIFT,6,N,N,N
L101431,Google,USA,America/New_York,09-07-2026 23:41,10-07-2026 22:54,AD-03,US_SHIFT,1,Y,N,N
L103027,Meta,USA,America/New_York,26-07-2026 00:28,01-08-2026 08:05,AD-05,IST_SHIFT,4,N,N,N
L104962,Organic,USA,America/New_York,31-07-2026 08:24,03-08-2026 08:54,AD-05,IST_SHIFT,3,N,N,N
L104313,Meta,USA,America/New_York,29-07-2026 11:54,29-07-2026 17:59,AD-11,SEA_SHIFT,2,Y,Y,Y
L104287,Affiliate,USA,America/New_York,01-07-2026 15:31,,AD-12,US_SHIFT,2,N,N,N
L101177,Meta,USA,America/New_York,28-06-2026 13:50,02-07-2026 05:03,AD-06,IST_SHIFT,3,Y,Y,N
L103553,Google,USA,America/New_York,24-07-2026 22:12,25-07-2026 04:32,AD-05,IST_SHIFT,0,N,N,N
L102592,Meta,USA,America/New_York,10-06-2026 06:47,11-06-2026 06:10,AD-07,IST_SHIFT,4,Y,Y,Y
L100630,Meta,USA,America/New_York,03-07-2026 07:18,07-07-2026 21:38,AD-02,US_SHIFT,3,Y,Y,N
L103509,Meta,USA,America/New_York,30-06-2026 01:21,,AD-08,IST_SHIFT,3,N,N,N
L103216,Organic,USA,America/New_York,12-06-2026 14:56,13-06-2026 02:29,AD-01,US_SHIFT,4,Y,Y,N
L103421,Meta,USA,America/New_York,19-07-2026 09:51,22-07-2026 19:08,AD-09,IST_SHIFT,3,Y,Y,N
L102089,Meta,USA,America/New_York,06-06-2026 16:54,11-06-2026 07:01,AD-11,SEA_SHIFT,1,N,N,N
L102162,Google,USA,America/New_York,09-07-2026 21:44,,AD-04,US_SHIFT,3,N,N,N
L103637,Meta,USA,America/New_York,28-06-2026 05:18,,AD-09,IST_SHIFT,3,N,N,N
L102806,Affiliate,USA,America/New_York,27-06-2026 21:45,28-06-2026 13:53,AD-06,IST_SHIFT,0,N,N,N
L103341,DSA,USA,America/New_York,24-07-2026 17:52,26-07-2026 15:28,AD-08,IST_SHIFT,0,Y,Y,Y
L104356,Google,USA,America/New_York,10-07-2026 09:42,,AD-05,IST_SHIFT,1,N,N,N
L102779,Google,USA,America/New_York,23-06-2026 17:27,24-06-2026 05:15,AD-07,IST_SHIFT,1,Y,N,N
L101695,Meta,USA,America/New_York,03-07-2026 11:27,,AD-08,IST_SHIFT,0,N,N,N
L101626,Affiliate,USA,America/New_York,09-07-2026 19:38,,AD-06,IST_SHIFT,2,N,N,N
L104412,Affiliate,USA,America/New_York,07-07-2026 11:46,08-07-2026 04:43,AD-10,SEA_SHIFT,4,Y,Y,Y
L100481,Google,USA,America/New_York,01-06-2026 16:11,02-06-2026 00:56,AD-07,IST_SHIFT,2,Y,Y,Y
L104606,Meta,USA,America/New_York,28-06-2026 00:08,,AD-09,IST_SHIFT,4,N,N,N
L103055,Organic,USA,America/New_York,25-06-2026 17:01,26-06-2026 00:40,AD-10,SEA_SHIFT,2,N,N,N
L103208,Google,USA,America/New_York,05-07-2026 08:25,,AD-09,IST_SHIFT,4,N,N,N
L102551,Organic,USA,America/New_York,07-06-2026 21:20,10-06-2026 01:42,AD-07,IST_SHIFT,5,N,N,N
L100046,Meta,USA,America/New_York,19-07-2026 16:04,19-07-2026 19:47,AD-09,IST_SHIFT,1,Y,Y,Y
L100232,Google,USA,America/New_York,31-07-2026 15:56,04-08-2026 21:34,AD-02,US_SHIFT,4,Y,Y,N
L104657,Organic,USA,America/New_York,30-07-2026 02:58,30-07-2026 12:02,AD-08,IST_SHIFT,2,N,N,N
L104866,Organic,USA,America/New_York,06-07-2026 21:27,,AD-10,SEA_SHIFT,4,N,N,N
L102942,Organic,USA,America/New_York,26-06-2026 05:46,29-06-2026 18:31,AD-10,SEA_SHIFT,2,Y,Y,N
L103115,Meta,USA,America/New_York,22-07-2026 00:54,,AD-10,SEA_SHIFT,3,N,N,N
L101165,Meta,USA,America/New_York,06-06-2026 03:32,06-06-2026 04:32,AD-07,IST_SHIFT,2,N,N,N
L100204,Google,USA,America/New_York,29-06-2026 20:03,03-07-2026 02:12,AD-08,IST_SHIFT,2,Y,Y,N
L104078,Organic,USA,America/New_York,02-06-2026 03:51,07-06-2026 15:59,AD-01,US_SHIFT,4,N,N,N
L101162,Google,USA,America/New_York,27-06-2026 10:01,03-07-2026 03:34,AD-03,US_SHIFT,2,Y,Y,Y
L103664,Meta,USA,America/New_York,02-07-2026 10:57,07-07-2026 04:10,AD-05,IST_SHIFT,2,N,N,N
L100086,Referral,USA,America/New_York,18-07-2026 00:58,27-07-2026 19:11,AD-06,IST_SHIFT,6,Y,Y,N
L103438,Meta,USA,America/New_York,10-07-2026 13:17,10-07-2026 16:49,AD-04,US_SHIFT,5,Y,Y,N
L104581,Google,USA,America/New_York,11-07-2026 23:58,14-07-2026 23:05,AD-02,US_SHIFT,4,N,N,N
L100039,Google,USA,America/New_York,27-07-2026 11:45,31-07-2026 17:11,AD-02,US_SHIFT,4,N,N,N
L101192,Meta,USA,America/New_York,24-06-2026 00:10,24-06-2026 01:10,AD-03,US_SHIFT,2,Y,Y,N
L102796,Meta,USA,America/New_York,17-07-2026 20:41,,AD-03,US_SHIFT,1,N,N,N
L104799,Meta,USA,America/New_York,15-07-2026 18:52,22-07-2026 01:52,AD-02,US_SHIFT,4,N,N,N
L103524,Google,USA,America/New_York,22-07-2026 13:53,28-07-2026 23:14,AD-07,IST_SHIFT,2,Y,Y,N
L100522,Meta,USA,America/New_York,25-06-2026 05:04,,AD-11,SEA_SHIFT,3,N,N,N
L102896,Meta,USA,America/New_York,29-07-2026 05:04,,AD-08,IST_SHIFT,1,N,N,N
L103201,Meta,USA,America/New_York,04-07-2026 12:07,,AD-12,US_SHIFT,1,N,N,N
L102526,Organic,USA,America/New_York,22-06-2026 00:16,,AD-02,US_SHIFT,3,N,N,N
L101650,Google,USA,America/New_York,26-07-2026 03:36,,AD-07,IST_SHIFT,1,N,N,N
L103389,Referral,USA,America/New_York,19-07-2026 23:09,20-07-2026 15:46,AD-02,US_SHIFT,1,N,N,N
L101960,Meta,USA,America/New_York,25-07-2026 21:50,26-07-2026 15:48,AD-08,IST_SHIFT,2,Y,Y,N
L101274,Meta,USA,America/New_York,21-07-2026 00:02,,AD-10,SEA_SHIFT,7,N,N,N
L100755,Meta,USA,America/New_York,17-06-2026 08:41,17-06-2026 18:37,AD-12,US_SHIFT,0,Y,Y,N
L103746,Google,USA,America/New_York,05-07-2026 14:31,13-07-2026 07:25,AD-05,IST_SHIFT,3,N,N,N
L100639,DSA,USA,America/New_York,12-07-2026 00:14,15-07-2026 00:24,AD-08,IST_SHIFT,6,N,N,N
L100471,Google,USA,America/New_York,05-06-2026 17:24,05-06-2026 23:08,AD-03,US_SHIFT,2,Y,Y,Y
L102983,Meta,USA,America/New_York,29-07-2026 02:34,30-07-2026 07:18,AD-02,US_SHIFT,3,Y,Y,N
L104500,Meta,USA,America/New_York,01-06-2026 19:06,,AD-12,US_SHIFT,2,N,N,N
L103050,Google,USA,America/New_York,20-06-2026 08:31,20-06-2026 14:24,AD-07,IST_SHIFT,2,N,N,N
L101691,Google,USA,America/New_York,11-06-2026 20:54,12-06-2026 06:53,AD-09,IST_SHIFT,0,Y,Y,N
L100697,Meta,USA,America/New_York,11-06-2026 14:22,12-06-2026 23:05,AD-03,US_SHIFT,0,Y,Y,N
L102230,Affiliate,USA,America/New_York,07-07-2026 15:56,11-07-2026 12:33,AD-06,IST_SHIFT,6,N,N,N
L102906,Google,USA,America/New_York,19-07-2026 08:52,19-07-2026 21:53,AD-12,US_SHIFT,1,Y,N,N
L103411,DSA,USA,America/New_York,04-06-2026 00:32,,AD-07,IST_SHIFT,2,N,N,N
L102092,Google,USA,America/New_York,10-07-2026 23:45,12-07-2026 01:06,AD-06,IST_SHIFT,2,Y,Y,Y
L100995,Google,USA,America/New_York,12-06-2026 23:41,,AD-12,US_SHIFT,2,N,N,N
L103170,Affiliate,USA,America/New_York,01-06-2026 01:43,01-06-2026 05:17,AD-07,IST_SHIFT,3,Y,Y,N
L100129,Google,USA,America/New_York,10-06-2026 09:35,14-06-2026 08:11,AD-04,US_SHIFT,0,N,N,N
L103725,DSA,USA,America/New_York,23-07-2026 10:43,01-08-2026 18:00,AD-02,US_SHIFT,2,N,N,N
L103671,Organic,USA,America/New_York,06-06-2026 20:48,07-06-2026 03:26,AD-10,SEA_SHIFT,1,N,N,N
L103191,Referral,USA,America/New_York,10-06-2026 14:56,,AD-11,SEA_SHIFT,4,N,N,N
L102570,Meta,USA,America/New_York,24-07-2026 17:04,,AD-08,IST_SHIFT,4,N,N,N
L103402,Meta,USA,America/New_York,11-06-2026 10:38,16-06-2026 01:55,AD-04,US_SHIFT,3,Y,N,N
L103679,Google,USA,America/New_York,06-06-2026 04:43,,AD-05,IST_SHIFT,0,N,N,N
L104083,Meta,USA,America/New_York,21-06-2026 10:10,,AD-06,IST_SHIFT,3,N,N,N
L100382,Meta,USA,America/New_York,20-06-2026 17:30,,AD-06,IST_SHIFT,2,N,N,N
L104592,Organic,USA,America/New_York,30-06-2026 06:06,30-06-2026 11:05,AD-01,US_SHIFT,1,Y,Y,N
L103984,Meta,USA,America/New_York,13-07-2026 17:50,15-07-2026 15:06,AD-11,SEA_SHIFT,1,Y,Y,N
L104361,Google,USA,America/New_York,18-06-2026 06:46,18-06-2026 08:49,AD-12,US_SHIFT,4,N,N,N
L100835,Meta,USA,America/New_York,20-07-2026 09:24,,AD-05,IST_SHIFT,3,N,N,N
L100029,Google,USA,America/New_York,17-06-2026 18:57,,AD-03,US_SHIFT,1,N,N,N
L100463,DSA,USA,America/New_York,26-06-2026 13:40,27-06-2026 01:19,AD-02,US_SHIFT,1,Y,Y,N
L100916,Meta,USA,America/New_York,24-07-2026 10:06,28-07-2026 09:52,AD-11,SEA_SHIFT,3,Y,Y,Y
L103615,Meta,USA,America/New_York,13-07-2026 14:51,17-07-2026 07:59,AD-01,US_SHIFT,3,Y,Y,Y
L103907,Meta,USA,America/New_York,01-06-2026 23:26,,AD-01,US_SHIFT,5,N,N,N
L101872,Organic,USA,America/New_York,28-06-2026 03:50,07-07-2026 18:30,AD-03,US_SHIFT,0,Y,Y,Y
L100595,Meta,USA,America/New_York,22-07-2026 08:23,22-07-2026 18:29,AD-03,US_SHIFT,1,Y,N,N
L102293,Meta,USA,America/New_York,18-07-2026 13:53,,AD-03,US_SHIFT,4,N,N,N
L100097,DSA,USA,America/New_York,01-07-2026 22:15,,AD-10,SEA_SHIFT,3,N,N,N
L103739,DSA,USA,America/New_York,28-07-2026 06:43,28-07-2026 12:36,AD-04,US_SHIFT,2,Y,Y,Y
L103866,Affiliate,USA,America/New_York,13-07-2026 16:59,14-07-2026 09:15,AD-08,IST_SHIFT,1,Y,Y,N
L102212,Meta,USA,America/New_York,14-07-2026 23:22,15-07-2026 16:29,AD-02,US_SHIFT,0,Y,Y,N
L102245,Meta,USA,America/New_York,04-07-2026 12:57,,AD-12,US_SHIFT,1,N,N,N
L103790,Google,USA,America/New_York,26-06-2026 08:26,27-06-2026 01:00,AD-10,SEA_SHIFT,1,Y,N,N
L102076,Organic,USA,America/New_York,09-06-2026 18:21,14-06-2026 05:25,AD-11,SEA_SHIFT,4,N,N,N
L104278,Meta,USA,America/New_York,08-07-2026 21:33,,AD-01,US_SHIFT,0,N,N,N
L101733,Meta,USA,America/New_York,26-06-2026 04:40,26-06-2026 11:31,AD-03,US_SHIFT,1,Y,Y,N
L100014,Affiliate,USA,America/New_York,09-07-2026 19:14,14-07-2026 20:33,AD-06,IST_SHIFT,3,Y,Y,N
L103911,Referral,USA,America/New_York,30-06-2026 00:52,03-07-2026 03:43,AD-05,IST_SHIFT,0,N,N,N
L103560,Meta,USA,America/New_York,16-06-2026 15:11,22-06-2026 05:39,AD-03,US_SHIFT,1,N,N,N
L103441,Meta,USA,America/New_York,07-07-2026 12:30,07-07-2026 18:54,AD-05,IST_SHIFT,1,N,N,N
L104686,Organic,USA,America/New_York,19-06-2026 13:17,20-06-2026 09:14,AD-05,IST_SHIFT,2,N,N,N
L102052,Google,USA,America/New_York,28-06-2026 00:49,28-06-2026 11:57,AD-11,SEA_SHIFT,0,N,N,N
L100428,Meta,USA,America/New_York,27-06-2026 20:18,,AD-06,IST_SHIFT,1,N,N,N
L101467,Google,USA,America/New_York,05-07-2026 15:14,,AD-12,US_SHIFT,1,N,N,N
L104763,Meta,USA,America/New_York,21-06-2026 08:10,22-06-2026 17:43,AD-11,SEA_SHIFT,1,Y,Y,N
L104614,Meta,USA,America/New_York,07-06-2026 13:54,07-06-2026 17:19,AD-01,US_SHIFT,1,Y,Y,N
L100165,DSA,USA,America/New_York,17-06-2026 15:45,,AD-01,US_SHIFT,3,N,N,N
L103870,Google,USA,America/New_York,30-06-2026 01:43,30-06-2026 23:11,AD-03,US_SHIFT,2,Y,Y,N
L102206,Google,USA,America/New_York,26-07-2026 18:30,30-07-2026 13:54,AD-12,US_SHIFT,6,Y,N,N
L100383,Meta,USA,America/New_York,08-06-2026 12:49,08-06-2026 15:28,AD-10,SEA_SHIFT,2,N,N,N
L102216,Google,USA,America/New_York,23-06-2026 15:58,,AD-05,IST_SHIFT,1,N,N,N
L102188,Meta,USA,America/New_York,13-06-2026 10:51,,AD-10,SEA_SHIFT,1,N,N,N
L100465,Google,USA,America/New_York,03-07-2026 21:46,10-07-2026 13:02,AD-10,SEA_SHIFT,2,N,N,N
L100299,Affiliate,USA,America/New_York,15-07-2026 03:54,,AD-06,IST_SHIFT,0,N,N,N
L101615,Google,USA,America/New_York,17-07-2026 12:48,18-07-2026 08:16,AD-08,IST_SHIFT,0,N,N,N
L103228,Google,USA,America/New_York,26-06-2026 13:16,,AD-01,US_SHIFT,1,N,N,N
L101048,Organic,USA,America/New_York,14-07-2026 20:53,,AD-11,SEA_SHIFT,3,N,N,N
L104414,Meta,USA,America/New_York,09-07-2026 23:22,10-07-2026 15:07,AD-09,IST_SHIFT,2,N,N,N
L100251,Google,USA,America/New_York,20-07-2026 23:56,,AD-03,US_SHIFT,5,N,N,N
L101027,Organic,USA,America/New_York,18-06-2026 01:41,18-06-2026 15:22,AD-02,US_SHIFT,1,Y,Y,Y
L101668,Google,USA,America/New_York,14-06-2026 19:04,15-06-2026 20:32,AD-02,US_SHIFT,0,Y,Y,Y
L104019,Meta,USA,America/New_York,10-07-2026 12:00,,AD-09,IST_SHIFT,4,N,N,N
L104784,Meta,USA,America/New_York,20-06-2026 12:35,20-06-2026 14:47,AD-04,US_SHIFT,1,Y,N,N
L102020,Google,USA,America/New_York,07-07-2026 00:26,,AD-03,US_SHIFT,1,N,N,N
L102144,DSA,USA,America/New_York,10-06-2026 10:33,10-06-2026 14:56,AD-04,US_SHIFT,1,Y,Y,N
L103122,DSA,USA,America/New_York,30-07-2026 05:44,30-07-2026 23:00,AD-05,IST_SHIFT,1,Y,N,N
L101638,Google,USA,America/New_York,23-07-2026 19:21,24-07-2026 09:18,AD-08,IST_SHIFT,0,N,N,N
L101515,Organic,USA,America/New_York,16-06-2026 00:22,16-06-2026 02:52,AD-09,IST_SHIFT,2,Y,Y,Y
L100861,Google,USA,America/New_York,24-06-2026 02:04,,AD-09,IST_SHIFT,1,N,N,N
L101111,Google,USA,America/New_York,03-07-2026 16:45,08-07-2026 05:30,AD-06,IST_SHIFT,2,Y,N,N
L101088,Organic,USA,America/New_York,15-06-2026 13:36,17-06-2026 19:02,AD-06,IST_SHIFT,2,Y,Y,N
L104222,Meta,USA,America/New_York,12-06-2026 16:26,16-06-2026 20:19,AD-09,IST_SHIFT,3,Y,Y,Y
L104832,Meta,USA,America/New_York,05-06-2026 21:12,12-06-2026 00:45,AD-05,IST_SHIFT,2,Y,Y,N
L101471,Meta,USA,America/New_York,20-06-2026 15:49,22-06-2026 04:18,AD-10,SEA_SHIFT,4,Y,Y,N
L101401,DSA,USA,America/New_York,12-07-2026 20:03,13-07-2026 09:53,AD-04,US_SHIFT,2,Y,Y,Y
L103171,Affiliate,USA,America/New_York,26-07-2026 01:05,,AD-01,US_SHIFT,3,N,N,N
L102348,Meta,USA,America/New_York,30-07-2026 01:43,,AD-01,US_SHIFT,0,N,N,N
L104999,DSA,USA,America/New_York,28-07-2026 21:53,29-07-2026 04:31,AD-07,IST_SHIFT,2,Y,Y,N
L103805,Google,USA,America/New_York,16-07-2026 17:43,,AD-03,US_SHIFT,0,N,N,N
L101512,Meta,USA,America/New_York,30-07-2026 20:40,,AD-09,IST_SHIFT,3,N,N,N
L101821,Referral,USA,America/New_York,04-06-2026 22:07,05-06-2026 05:58,AD-06,IST_SHIFT,2,Y,Y,N
L100344,Meta,USA,America/New_York,28-07-2026 12:46,29-07-2026 05:52,AD-03,US_SHIFT,2,Y,Y,Y
L104200,Meta,USA,America/New_York,03-06-2026 02:35,,AD-03,US_SHIFT,4,N,N,N
L100607,Affiliate,USA,America/New_York,27-07-2026 08:34,27-07-2026 23:24,AD-08,IST_SHIFT,1,Y,Y,N
L103771,Organic,USA,America/New_York,28-06-2026 17:41,29-06-2026 06:17,AD-10,SEA_SHIFT,1,Y,Y,Y
L100021,Affiliate,USA,America/New_York,25-06-2026 11:08,,AD-09,IST_SHIFT,1,N,N,N
L103416,Referral,USA,America/New_York,13-06-2026 01:04,13-06-2026 19:17,AD-12,US_SHIFT,1,Y,Y,Y
L101047,Organic,USA,America/New_York,14-07-2026 08:04,15-07-2026 06:41,AD-03,US_SHIFT,2,Y,Y,N
L102479,Google,USA,America/New_York,22-07-2026 02:43,22-07-2026 11:42,AD-11,SEA_SHIFT,3,Y,N,N
L104233,Affiliate,USA,America/New_York,05-07-2026 16:16,,AD-10,SEA_SHIFT,4,N,N,N
L101368,Google,USA,America/New_York,03-06-2026 19:03,04-06-2026 05:52,AD-12,US_SHIFT,0,Y,N,N
L103477,Meta,USA,America/New_York,29-06-2026 04:06,06-07-2026 20:49,AD-08,IST_SHIFT,1,Y,N,N
L101520,DSA,USA,America/New_York,12-07-2026 00:21,,AD-08,IST_SHIFT,2,N,N,N
L101202,Google,USA,America/New_York,10-06-2026 21:46,15-06-2026 12:16,AD-07,IST_SHIFT,0,Y,Y,N
L104331,Google,USA,America/New_York,03-06-2026 00:50,12-06-2026 00:01,AD-05,IST_SHIFT,7,Y,N,N
L100130,Google,USA,America/New_York,21-06-2026 01:24,,AD-12,US_SHIFT,2,N,N,N
L100521,Google,USA,America/New_York,22-07-2026 02:36,22-07-2026 17:10,AD-04,US_SHIFT,0,Y,Y,N
L100859,Meta,USA,America/New_York,26-06-2026 15:06,28-06-2026 15:05,AD-02,US_SHIFT,1,Y,Y,N
L102033,Google,USA,America/New_York,22-06-2026 14:25,27-06-2026 12:53,AD-01,US_SHIFT,3,N,N,N
L101651,Google,USA,America/New_York,12-06-2026 08:29,16-06-2026 09:40,AD-11,SEA_SHIFT,3,Y,Y,N
L101315,DSA,USA,America/New_York,06-07-2026 15:05,11-07-2026 21:13,AD-01,US_SHIFT,2,Y,Y,N
L102959,DSA,USA,America/New_York,19-06-2026 08:55,,AD-10,SEA_SHIFT,2,N,N,N
L102175,Meta,USA,America/New_York,02-07-2026 15:30,,AD-10,SEA_SHIFT,0,N,N,N
L101809,Google,USA,America/New_York,15-06-2026 20:25,22-06-2026 07:13,AD-03,US_SHIFT,2,N,N,N
L100688,Google,USA,America/New_York,08-06-2026 18:20,11-06-2026 17:40,AD-10,SEA_SHIFT,1,Y,Y,N
L101366,Meta,USA,America/New_York,15-06-2026 20:45,,AD-02,US_SHIFT,3,N,N,N
L104448,DSA,USA,America/New_York,08-06-2026 23:30,09-06-2026 08:29,AD-10,SEA_SHIFT,1,Y,N,N
L100462,Google,USA,America/New_York,18-06-2026 09:54,22-06-2026 04:19,AD-01,US_SHIFT,4,Y,Y,N
L102552,Google,USA,America/New_York,27-07-2026 07:54,27-07-2026 21:42,AD-10,SEA_SHIFT,4,Y,Y,N
L100579,Google,USA,America/New_York,16-07-2026 20:50,,AD-02,US_SHIFT,3,N,N,N
L100105,Meta,USA,America/New_York,18-06-2026 04:56,,AD-09,IST_SHIFT,2,N,N,N
L100999,DSA,USA,America/New_York,29-06-2026 06:24,29-06-2026 11:14,AD-12,US_SHIFT,1,Y,Y,N
L103502,DSA,USA,America/New_York,02-07-2026 00:45,02-07-2026 18:27,AD-01,US_SHIFT,1,Y,Y,N
L102994,Google,USA,America/New_York,05-06-2026 03:45,08-06-2026 07:01,AD-04,US_SHIFT,6,Y,Y,N
L101034,Meta,USA,America/New_York,05-07-2026 06:52,,AD-12,US_SHIFT,4,N,N,N
L104788,Meta,USA,America/New_York,29-07-2026 15:49,10-08-2026 19:41,AD-04,US_SHIFT,2,Y,Y,Y
L102037,Meta,USA,America/New_York,10-06-2026 14:19,16-06-2026 20:19,AD-03,US_SHIFT,1,N,N,N
L103819,Referral,USA,America/New_York,21-07-2026 12:40,24-07-2026 14:26,AD-02,US_SHIFT,1,Y,Y,N
L102236,Affiliate,USA,America/New_York,03-06-2026 05:37,11-06-2026 12:37,AD-06,IST_SHIFT,6,N,N,N
L102095,Meta,USA,America/New_York,08-06-2026 04:47,11-06-2026 06:12,AD-04,US_SHIFT,3,N,N,N
L103049,Meta,USA,America/New_York,10-07-2026 14:32,11-07-2026 09:34,AD-01,US_SHIFT,1,Y,Y,N
L102967,Google,USA,America/New_York,19-07-2026 05:44,22-07-2026 18:45,AD-05,IST_SHIFT,2,Y,Y,N
L101707,Meta,USA,America/New_York,26-07-2026 17:02,,AD-03,US_SHIFT,2,N,N,N
L103659,Meta,USA,America/New_York,13-07-2026 11:40,,AD-01,US_SHIFT,3,N,N,N
L102910,Meta,USA,America/New_York,11-07-2026 12:44,,AD-10,SEA_SHIFT,2,N,N,N
L104667,Google,USA,America/New_York,16-07-2026 23:44,20-07-2026 12:01,AD-03,US_SHIFT,2,N,N,N
L100205,Meta,USA,America/New_York,28-07-2026 10:13,29-07-2026 14:22,AD-04,US_SHIFT,0,N,N,N
L100353,Google,USA,America/New_York,21-07-2026 16:28,22-07-2026 02:50,AD-02,US_SHIFT,2,N,N,N
L100160,Meta,USA,America/New_York,25-07-2026 11:31,26-07-2026 09:20,AD-03,US_SHIFT,3,Y,Y,Y
L103549,Meta,USA,America/New_York,28-06-2026 11:05,29-06-2026 10:52,AD-07,IST_SHIFT,2,N,N,N
L103185,Referral,USA,America/New_York,23-07-2026 18:49,,AD-12,US_SHIFT,1,N,N,N
L104956,Google,USA,America/New_York,25-06-2026 17:36,,AD-09,IST_SHIFT,1,N,N,N
L102233,Meta,USA,America/New_York,20-06-2026 08:57,21-06-2026 08:55,AD-01,US_SHIFT,0,Y,Y,N
L101890,Organic,USA,America/New_York,25-06-2026 03:26,29-06-2026 00:29,AD-01,US_SHIFT,2,N,N,N
L101287,Google,USA,America/New_York,15-06-2026 01:20,,AD-03,US_SHIFT,2,N,N,N
L101963,Organic,USA,America/New_York,01-06-2026 20:21,02-06-2026 15:14,AD-05,IST_SHIFT,2,N,N,N
L104174,Meta,USA,America/New_York,28-07-2026 16:49,02-08-2026 06:09,AD-10,SEA_SHIFT,2,Y,Y,N
L101475,Meta,USA,America/New_York,02-06-2026 18:38,,AD-03,US_SHIFT,2,N,N,N
L102836,Organic,USA,America/New_York,09-06-2026 02:32,,AD-11,SEA_SHIFT,5,N,N,N
L100380,Referral,USA,America/New_York,05-06-2026 11:07,,AD-04,US_SHIFT,0,N,N,N
L104115,Meta,USA,America/New_York,30-07-2026 02:58,,AD-10,SEA_SHIFT,4,N,N,N
L104471,Meta,USA,America/New_York,27-07-2026 11:21,,AD-10,SEA_SHIFT,2,N,N,N
L100067,Google,USA,America/New_York,31-07-2026 06:04,,AD-05,IST_SHIFT,3,N,N,N
L100477,Google,USA,America/New_York,06-06-2026 15:52,11-06-2026 19:25,AD-03,US_SHIFT,3,N,N,N
L102359,DSA,USA,America/New_York,18-06-2026 06:01,22-06-2026 13:40,AD-01,US_SHIFT,5,Y,Y,N
L100199,DSA,USA,America/New_York,10-07-2026 19:17,,AD-07,IST_SHIFT,2,N,N,N
L103541,Referral,USA,America/New_York,10-07-2026 00:07,10-07-2026 10:34,AD-05,IST_SHIFT,2,Y,Y,N
L101938,Meta,USA,America/New_York,15-06-2026 16:45,15-06-2026 21:19,AD-02,US_SHIFT,1,N,N,N
L100143,Google,USA,America/New_York,28-07-2026 17:17,,AD-09,IST_SHIFT,3,N,N,N
L100417,Affiliate,USA,America/New_York,03-07-2026 02:26,,AD-07,IST_SHIFT,4,N,N,N
L102596,Meta,USA,America/New_York,03-07-2026 10:37,04-07-2026 07:46,AD-10,SEA_SHIFT,1,N,N,N
L102112,Google,USA,America/New_York,28-07-2026 13:01,29-07-2026 14:41,AD-10,SEA_SHIFT,1,N,N,N
L104646,Google,USA,America/New_York,17-07-2026 15:27,19-07-2026 08:37,AD-04,US_SHIFT,1,Y,Y,N
L102695,Meta,USA,America/New_York,22-06-2026 08:25,23-06-2026 03:23,AD-02,US_SHIFT,0,Y,Y,Y
L100912,Meta,USA,America/New_York,23-06-2026 07:03,28-06-2026 14:27,AD-10,SEA_SHIFT,4,N,N,N
L100765,Google,USA,America/New_York,05-07-2026 07:09,,AD-11,SEA_SHIFT,2,N,N,N
L101133,Meta,USA,America/New_York,16-07-2026 05:40,19-07-2026 19:29,AD-07,IST_SHIFT,2,Y,Y,N
L102656,Meta,USA,America/New_York,22-07-2026 23:47,23-07-2026 14:58,AD-06,IST_SHIFT,4,Y,Y,N
L100394,Organic,USA,America/New_York,10-06-2026 15:38,11-06-2026 02:50,AD-03,US_SHIFT,2,Y,Y,N
L100321,Meta,USA,America/New_York,30-06-2026 19:52,,AD-12,US_SHIFT,2,N,N,N
L103892,Meta,USA,America/New_York,19-07-2026 00:37,,AD-06,IST_SHIFT,2,N,N,N
L104801,Google,USA,America/New_York,09-07-2026 16:50,10-07-2026 12:39,AD-11,SEA_SHIFT,0,Y,Y,N
L102364,Meta,USA,America/New_York,09-06-2026 07:40,,AD-07,IST_SHIFT,0,N,N,N
L100930,Meta,USA,America/New_York,03-07-2026 19:03,,AD-06,IST_SHIFT,4,N,N,N
L103951,DSA,USA,America/New_York,11-06-2026 02:00,13-06-2026 13:54,AD-10,SEA_SHIFT,0,Y,Y,N
L104227,Organic,USA,America/New_York,22-07-2026 00:00,22-07-2026 18:51,AD-11,SEA_SHIFT,4,Y,Y,Y
L103238,Google,USA,America/New_York,06-06-2026 22:56,07-06-2026 15:20,AD-10,SEA_SHIFT,3,Y,Y,N
L101576,Meta,USA,America/New_York,08-07-2026 00:26,08-07-2026 17:31,AD-02,US_SHIFT,3,Y,Y,N
L103742,Referral,USA,America/New_York,03-07-2026 05:51,03-07-2026 21:18,AD-03,US_SHIFT,3,Y,Y,N
L100113,Affiliate,USA,America/New_York,29-07-2026 23:05,,AD-06,IST_SHIFT,2,N,N,N
L104561,Google,USA,America/New_York,09-07-2026 18:31,,AD-08,IST_SHIFT,1,N,N,N
L100222,Meta,USA,America/New_York,28-06-2026 17:33,,AD-09,IST_SHIFT,3,N,N,N
L102566,Meta,USA,America/New_York,15-07-2026 13:52,,AD-07,IST_SHIFT,2,N,N,N
L101348,Affiliate,USA,America/New_York,18-06-2026 01:42,,AD-02,US_SHIFT,2,N,N,N
L104824,Google,USA,America/New_York,01-07-2026 12:34,05-07-2026 06:32,AD-12,US_SHIFT,1,Y,Y,N
L104180,Meta,USA,America/New_York,24-06-2026 23:53,26-06-2026 00:12,AD-07,IST_SHIFT,1,Y,Y,N
L101761,DSA,USA,America/New_York,23-06-2026 17:20,02-07-2026 17:52,AD-12,US_SHIFT,3,N,N,N
L102863,Meta,USA,America/New_York,30-07-2026 02:10,30-07-2026 14:07,AD-06,IST_SHIFT,0,Y,Y,N
L100347,Meta,USA,America/New_York,07-06-2026 04:38,08-06-2026 10:43,AD-12,US_SHIFT,3,Y,Y,Y
L100116,Meta,USA,America/New_York,05-07-2026 19:44,,AD-06,IST_SHIFT,1,N,N,N
L104551,Meta,USA,America/New_York,30-06-2026 08:59,01-07-2026 05:23,AD-02,US_SHIFT,5,Y,Y,N
L104254,Affiliate,USA,America/New_York,22-06-2026 23:47,23-06-2026 08:59,AD-09,IST_SHIFT,3,Y,Y,N
L103766,Meta,USA,America/New_York,19-07-2026 14:44,,AD-06,IST_SHIFT,3,N,N,N
L102030,Meta,USA,America/New_York,06-07-2026 00:23,,AD-03,US_SHIFT,3,N,N,N
L103747,Meta,USA,America/New_York,18-06-2026 13:27,18-06-2026 22:24,AD-12,US_SHIFT,2,Y,Y,N
L102716,Meta,USA,America/New_York,30-07-2026 18:51,03-08-2026 14:54,AD-03,US_SHIFT,2,Y,Y,N
L104063,Meta,USA,America/New_York,16-07-2026 05:49,,AD-05,IST_SHIFT,4,N,N,N
L100357,Google,USA,America/New_York,29-07-2026 04:06,,AD-10,SEA_SHIFT,2,N,N,N
L101009,Affiliate,USA,America/New_York,26-07-2026 10:11,27-07-2026 03:58,AD-10,SEA_SHIFT,2,Y,Y,N
L104810,DSA,USA,America/New_York,05-07-2026 17:34,,AD-07,IST_SHIFT,2,N,N,N
L102771,Google,USA,America/New_York,01-06-2026 20:49,,AD-09,IST_SHIFT,1,N,N,N
L100201,Meta,USA,America/New_York,31-07-2026 19:00,,AD-10,SEA_SHIFT,3,N,N,N
L103344,Google,USA,America/New_York,02-07-2026 10:01,,AD-11,SEA_SHIFT,4,N,N,N
L104853,Affiliate,USA,America/New_York,19-06-2026 22:46,20-06-2026 20:35,AD-10,SEA_SHIFT,1,Y,Y,N
L103698,Meta,USA,America/New_York,02-06-2026 20:54,02-06-2026 23:38,AD-06,IST_SHIFT,3,N,N,N
L102361,Meta,USA,America/New_York,21-07-2026 09:06,21-07-2026 19:00,AD-06,IST_SHIFT,1,Y,Y,N
L100593,Organic,USA,America/New_York,08-06-2026 21:58,11-06-2026 23:30,AD-12,US_SHIFT,3,Y,Y,N
L100970,Meta,USA,America/New_York,21-07-2026 19:51,24-07-2026 12:47,AD-06,IST_SHIFT,1,N,N,N
L104568,Meta,USA,America/New_York,06-06-2026 15:51,09-06-2026 13:24,AD-02,US_SHIFT,1,N,N,N
L104990,Meta,USA,America/New_York,10-07-2026 21:37,,AD-01,US_SHIFT,2,N,N,N
L102486,Meta,USA,America/New_York,28-06-2026 01:18,30-06-2026 15:37,AD-07,IST_SHIFT,1,N,N,N
L102374,Meta,USA,America/New_York,29-06-2026 03:12,29-06-2026 10:14,AD-11,SEA_SHIFT,3,Y,Y,Y
L104535,Google,USA,America/New_York,06-07-2026 22:34,07-07-2026 03:12,AD-09,IST_SHIFT,3,N,N,N
L101595,Affiliate,USA,America/New_York,29-06-2026 20:14,30-06-2026 05:42,AD-07,IST_SHIFT,0,N,N,N
L104531,Meta,USA,America/New_York,07-06-2026 17:13,,AD-09,IST_SHIFT,0,N,N,N
L102494,Meta,USA,America/New_York,08-07-2026 19:37,16-07-2026 15:52,AD-06,IST_SHIFT,2,N,N,N
L102182,Referral,USA,America/New_York,11-06-2026 23:17,15-06-2026 17:48,AD-01,US_SHIFT,2,N,N,N
L102176,Referral,USA,America/New_York,22-06-2026 20:17,27-06-2026 07:20,AD-09,IST_SHIFT,2,Y,Y,N
L103468,Meta,USA,America/New_York,31-07-2026 06:26,02-08-2026 02:45,AD-07,IST_SHIFT,1,N,N,N
L103678,Meta,USA,America/New_York,09-06-2026 01:26,16-06-2026 03:56,AD-09,IST_SHIFT,4,N,N,N
L103409,Google,USA,America/New_York,16-06-2026 01:27,20-06-2026 11:41,AD-12,US_SHIFT,3,Y,Y,Y
L100604,Google,USA,America/New_York,04-06-2026 19:05,,AD-03,US_SHIFT,0,N,N,N
L100384,Meta,USA,America/New_York,27-06-2026 18:30,,AD-06,IST_SHIFT,3,N,N,N
L100893,Meta,USA,America/New_York,12-07-2026 08:41,12-07-2026 15:49,AD-04,US_SHIFT,1,Y,Y,N
L102372,Google,USA,America/New_York,22-06-2026 20:13,,AD-05,IST_SHIFT,0,N,N,N
L102126,Meta,USA,America/New_York,12-07-2026 16:24,13-07-2026 10:22,AD-01,US_SHIFT,1,Y,Y,N
L102588,Meta,USA,America/New_York,06-07-2026 23:27,,AD-02,US_SHIFT,1,N,N,N
L102407,DSA,USA,America/New_York,18-07-2026 00:41,18-07-2026 12:48,AD-06,IST_SHIFT,3,N,N,N
L101314,Affiliate,USA,America/New_York,17-07-2026 12:07,19-07-2026 09:23,AD-07,IST_SHIFT,1,Y,Y,N
L103296,Google,USA,America/New_York,29-06-2026 04:28,,AD-11,SEA_SHIFT,0,N,N,N
L103461,Google,USA,America/New_York,24-06-2026 05:58,24-06-2026 10:45,AD-10,SEA_SHIFT,3,N,N,N
L104411,Meta,USA,America/New_York,13-07-2026 03:29,,AD-09,IST_SHIFT,1,N,N,N
L100882,Meta,USA,America/New_York,16-07-2026 08:20,,AD-10,SEA_SHIFT,2,N,N,N
L100698,DSA,USA,America/New_York,01-06-2026 23:40,02-06-2026 12:05,AD-05,IST_SHIFT,3,Y,Y,N
L102051,Google,USA,America/New_York,23-06-2026 00:53,28-06-2026 11:34,AD-03,US_SHIFT,5,Y,Y,Y
L103024,Meta,USA,America/New_York,10-06-2026 01:19,18-06-2026 10:50,AD-08,IST_SHIFT,3,Y,Y,Y
L102322,Referral,USA,America/New_York,30-07-2026 14:36,,AD-08,IST_SHIFT,3,N,N,N
L104840,Google,USA,America/New_York,19-07-2026 09:15,19-07-2026 19:14,AD-08,IST_SHIFT,1,Y,N,N
L101566,Referral,USA,America/New_York,22-06-2026 15:25,,AD-03,US_SHIFT,4,N,N,N
L103320,Meta,USA,America/New_York,12-07-2026 20:06,17-07-2026 23:18,AD-02,US_SHIFT,1,Y,Y,N
L104986,Google,USA,America/New_York,25-07-2026 03:16,25-07-2026 10:37,AD-07,IST_SHIFT,0,N,N,N
L102748,DSA,USA,America/New_York,20-07-2026 06:03,20-07-2026 18:58,AD-08,IST_SHIFT,2,Y,Y,N
L103044,Meta,USA,America/New_York,06-06-2026 00:57,09-06-2026 00:07,AD-04,US_SHIFT,2,Y,Y,N
L101766,DSA,USA,America/New_York,20-07-2026 18:33,26-07-2026 13:13,AD-01,US_SHIFT,5,N,N,N
L102437,Google,USA,America/New_York,28-07-2026 16:20,01-08-2026 02:34,AD-03,US_SHIFT,3,N,N,N
L102999,Meta,USA,America/New_York,05-07-2026 12:15,05-07-2026 22:37,AD-04,US_SHIFT,3,Y,N,N
L101510,Meta,USA,America/New_York,01-07-2026 07:09,01-07-2026 20:15,AD-11,SEA_SHIFT,1,Y,Y,N
L101296,Meta,USA,America/New_York,25-07-2026 18:24,26-07-2026 07:54,AD-01,US_SHIFT,1,Y,Y,N
L104058,Meta,USA,America/New_York,08-06-2026 15:17,15-06-2026 16:27,AD-12,US_SHIFT,3,N,N,N
L104077,Meta,USA,America/New_York,17-07-2026 14:40,18-07-2026 00:50,AD-08,IST_SHIFT,2,Y,Y,Y
L100025,Affiliate,USA,America/New_York,05-07-2026 09:38,09-07-2026 05:56,AD-03,US_SHIFT,1,Y,Y,Y
L103392,Google,USA,America/New_York,13-07-2026 18:27,15-07-2026 10:02,AD-03,US_SHIFT,0,Y,Y,Y
L104694,Google,USA,America/New_York,16-06-2026 03:14,,AD-08,IST_SHIFT,5,N,N,N
L103530,Affiliate,USA,America/New_York,11-06-2026 10:32,,AD-06,IST_SHIFT,0,N,N,N
L100586,Meta,USA,America/New_York,24-07-2026 15:14,28-07-2026 22:10,AD-05,IST_SHIFT,4,N,N,N
L101089,DSA,USA,America/New_York,29-07-2026 04:25,29-07-2026 20:47,AD-05,IST_SHIFT,3,N,N,N
L100348,Google,USA,America/New_York,13-07-2026 01:52,13-07-2026 21:47,AD-04,US_SHIFT,2,N,N,N
L100782,Meta,USA,America/New_York,04-06-2026 11:15,07-06-2026 13:03,AD-08,IST_SHIFT,2,N,N,N
L103712,Google,USA,America/New_York,22-07-2026 04:04,28-07-2026 02:48,AD-11,SEA_SHIFT,1,N,N,N
L103391,Organic,USA,America/New_York,09-07-2026 01:04,10-07-2026 11:58,AD-02,US_SHIFT,0,Y,Y,N
L104650,Organic,USA,America/New_York,23-06-2026 06:17,27-06-2026 19:13,AD-05,IST_SHIFT,1,N,N,N
L102038,Meta,USA,America/New_York,19-07-2026 23:35,20-07-2026 04:44,AD-05,IST_SHIFT,0,N,N,N
L103139,Affiliate,USA,America/New_York,28-07-2026 18:10,29-07-2026 21:00,AD-08,IST_SHIFT,1,Y,Y,N
L104000,Organic,USA,America/New_York,10-06-2026 23:31,12-06-2026 04:07,AD-06,IST_SHIFT,0,N,N,N
L100294,Google,USA,America/New_York,31-07-2026 09:18,01-08-2026 02:43,AD-10,SEA_SHIFT,3,Y,Y,N
L101822,Meta,USA,America/New_York,22-06-2026 16:15,30-06-2026 06:29,AD-03,US_SHIFT,6,N,N,N
L102914,Meta,USA,America/New_York,20-06-2026 09:52,25-06-2026 08:32,AD-01,US_SHIFT,6,Y,Y,N
L103686,Organic,USA,America/New_York,26-07-2026 17:06,,AD-01,US_SHIFT,3,N,N,N
L103225,Meta,USA,America/New_York,18-06-2026 21:29,,AD-05,IST_SHIFT,2,N,N,N
L101968,Meta,USA,America/New_York,06-06-2026 18:17,07-06-2026 02:54,AD-04,US_SHIFT,0,Y,Y,N
L101673,Affiliate,USA,America/New_York,06-07-2026 10:22,06-07-2026 18:44,AD-05,IST_SHIFT,0,N,N,N
L101290,Google,USA,America/New_York,07-07-2026 12:43,,AD-03,US_SHIFT,0,N,N,N
L100585,Organic,USA,America/New_York,13-06-2026 17:41,14-06-2026 01:45,AD-03,US_SHIFT,0,Y,Y,N
L100710,Google,USA,America/New_York,20-07-2026 08:06,24-07-2026 17:17,AD-07,IST_SHIFT,1,N,N,N
L104333,Affiliate,USA,America/New_York,12-06-2026 20:46,,AD-11,SEA_SHIFT,5,N,N,N
L102615,Meta,USA,America/New_York,19-06-2026 12:30,25-06-2026 19:09,AD-09,IST_SHIFT,4,Y,Y,N
L102965,Google,USA,America/New_York,22-06-2026 08:19,23-06-2026 16:30,AD-04,US_SHIFT,0,Y,Y,N
L100957,Meta,USA,America/New_York,22-07-2026 19:06,,AD-09,IST_SHIFT,0,N,N,N
L100302,Meta,USA,America/New_York,03-06-2026 12:48,04-06-2026 18:29,AD-01,US_SHIFT,0,Y,Y,N
L104904,Referral,USA,America/New_York,25-07-2026 15:16,31-07-2026 12:02,AD-01,US_SHIFT,4,Y,Y,N
L102922,Referral,USA,America/New_York,03-07-2026 04:13,04-07-2026 21:18,AD-06,IST_SHIFT,1,Y,N,N
L104767,Meta,USA,America/New_York,10-06-2026 01:44,10-06-2026 03:04,AD-03,US_SHIFT,1,Y,Y,N
L102625,Meta,USA,America/New_York,23-07-2026 15:55,26-07-2026 18:56,AD-11,SEA_SHIFT,2,N,N,N
L104321,Meta,USA,America/New_York,23-07-2026 03:45,,AD-07,IST_SHIFT,2,N,N,N
L101237,Meta,USA,America/New_York,15-06-2026 12:04,19-06-2026 19:31,AD-05,IST_SHIFT,8,N,N,N
L104744,Google,USA,America/New_York,06-07-2026 10:21,07-07-2026 05:10,AD-11,SEA_SHIFT,2,Y,Y,N
L100385,Meta,USA,America/New_York,03-07-2026 14:45,07-07-2026 16:54,AD-11,SEA_SHIFT,1,Y,Y,Y
L103162,DSA,USA,America/New_York,30-06-2026 15:46,,AD-01,US_SHIFT,1,N,N,N
L101388,Organic,USA,America/New_York,14-07-2026 10:30,15-07-2026 18:35,AD-10,SEA_SHIFT,2,N,N,N
L101588,Meta,USA,America/New_York,23-07-2026 13:37,,AD-10,SEA_SHIFT,2,N,N,N
L103348,Affiliate,USA,America/New_York,27-06-2026 23:12,03-07-2026 09:43,AD-02,US_SHIFT,5,Y,Y,N
L101751,Meta,USA,America/New_York,20-06-2026 09:30,23-06-2026 10:31,AD-03,US_SHIFT,1,N,N,N
L101150,Meta,USA,America/New_York,30-06-2026 06:49,04-07-2026 17:58,AD-05,IST_SHIFT,2,N,N,N
L102744,Meta,USA,America/New_York,30-06-2026 07:20,08-07-2026 13:20,AD-02,US_SHIFT,0,Y,Y,N
L101792,Google,USA,America/New_York,10-06-2026 10:00,,AD-10,SEA_SHIFT,7,N,N,N
L104622,Organic,USA,America/New_York,05-07-2026 15:35,,AD-06,IST_SHIFT,2,N,N,N
L101269,Meta,USA,America/New_York,19-06-2026 11:13,19-06-2026 17:07,AD-03,US_SHIFT,3,Y,Y,N
L101838,Referral,USA,America/New_York,22-07-2026 22:35,27-07-2026 19:54,AD-01,US_SHIFT,1,N,N,N
L103931,Meta,USA,America/New_York,27-07-2026 06:49,01-08-2026 15:40,AD-05,IST_SHIFT,2,N,N,N
L102490,Meta,USA,America/New_York,20-07-2026 02:07,,AD-06,IST_SHIFT,2,N,N,N
L100285,DSA,USA,America/New_York,21-06-2026 11:54,22-06-2026 01:15,AD-01,US_SHIFT,1,Y,Y,N
L104809,Google,USA,America/New_York,17-06-2026 11:20,17-06-2026 18:53,AD-01,US_SHIFT,0,Y,Y,N
L102908,Meta,USA,America/New_York,04-06-2026 21:30,,AD-10,SEA_SHIFT,3,N,N,N
L103991,Google,USA,America/New_York,09-06-2026 01:36,11-06-2026 07:56,AD-02,US_SHIFT,4,N,N,N
L103434,Meta,USA,America/New_York,10-06-2026 12:06,10-06-2026 23:36,AD-07,IST_SHIFT,3,Y,Y,Y
L102802,Meta,USA,America/New_York,15-07-2026 23:38,21-07-2026 07:23,AD-07,IST_SHIFT,3,N,N,N
L103098,Google,USA,America/New_York,31-07-2026 07:20,,AD-09,IST_SHIFT,4,N,N,N
L104967,Google,USA,America/New_York,25-06-2026 11:58,,AD-03,US_SHIFT,1,N,N,N
L104482,Google,USA,America/New_York,17-07-2026 15:17,,AD-11,SEA_SHIFT,1,N,N,N
L100953,DSA,USA,America/New_York,21-06-2026 18:18,,AD-11,SEA_SHIFT,4,N,N,N
L103428,Affiliate,USA,America/New_York,30-06-2026 08:29,03-07-2026 04:34,AD-08,IST_SHIFT,1,Y,Y,N
L104319,Affiliate,USA,America/New_York,23-07-2026 22:57,,AD-02,US_SHIFT,4,N,N,N
L102915,Referral,USA,America/New_York,08-06-2026 04:45,08-06-2026 16:52,AD-08,IST_SHIFT,2,Y,Y,N
L102300,Meta,USA,America/New_York,25-06-2026 01:07,25-06-2026 13:51,AD-07,IST_SHIFT,0,Y,Y,N
L102774,Affiliate,USA,America/New_York,20-06-2026 23:37,27-06-2026 17:32,AD-11,SEA_SHIFT,1,N,N,N
L101507,Meta,USA,America/New_York,16-07-2026 18:16,17-07-2026 04:03,AD-06,IST_SHIFT,2,Y,Y,N
L101497,Meta,USA,America/New_York,15-07-2026 02:16,15-07-2026 15:43,AD-02,US_SHIFT,2,N,N,N
L104235,Meta,USA,America/New_York,03-06-2026 22:37,,AD-01,US_SHIFT,1,N,N,N
L102499,Google,USA,America/New_York,06-07-2026 19:45,11-07-2026 11:23,AD-09,IST_SHIFT,2,N,N,N
L101488,Google,USA,America/New_York,19-06-2026 00:22,19-06-2026 09:16,AD-03,US_SHIFT,2,N,N,N
L101744,Meta,USA,America/New_York,14-06-2026 06:05,,AD-11,SEA_SHIFT,1,N,N,N
L104941,Google,USA,America/New_York,25-07-2026 01:47,25-07-2026 13:52,AD-12,US_SHIFT,1,Y,Y,N
L103913,Affiliate,USA,America/New_York,06-07-2026 16:50,07-07-2026 15:41,AD-04,US_SHIFT,1,Y,Y,N
L104889,Meta,USA,America/New_York,02-07-2026 14:22,04-07-2026 09:49,AD-12,US_SHIFT,2,Y,Y,Y
L103895,Meta,USA,America/New_York,05-07-2026 22:36,06-07-2026 14:49,AD-02,US_SHIFT,2,Y,Y,N
L103930,Affiliate,USA,America/New_York,04-07-2026 07:03,07-07-2026 18:20,AD-04,US_SHIFT,3,N,N,N
L103719,Referral,USA,America/New_York,26-07-2026 04:33,26-07-2026 16:53,AD-04,US_SHIFT,3,Y,Y,Y
L103748,Google,USA,America/New_York,13-06-2026 14:08,15-06-2026 07:25,AD-03,US_SHIFT,2,Y,Y,N
L103248,Meta,USA,America/New_York,23-07-2026 06:41,,AD-10,SEA_SHIFT,0,N,N,N
L100663,DSA,USA,America/New_York,24-06-2026 06:50,28-06-2026 19:51,AD-05,IST_SHIFT,5,N,N,N
L102822,Meta,USA,America/New_York,21-06-2026 05:19,24-06-2026 11:30,AD-06,IST_SHIFT,1,Y,Y,N
L103652,DSA,USA,America/New_York,14-06-2026 12:02,16-06-2026 03:33,AD-01,US_SHIFT,2,Y,Y,N
L104670,Google,USA,America/New_York,18-06-2026 02:38,22-06-2026 12:16,AD-05,IST_SHIFT,5,Y,Y,N
L104458,Meta,USA,America/New_York,28-06-2026 12:04,28-06-2026 22:20,AD-07,IST_SHIFT,2,Y,N,N
L103169,Meta,USA,America/New_York,10-06-2026 10:59,,AD-03,US_SHIFT,2,N,N,N
L104023,Google,USA,America/New_York,29-07-2026 19:19,31-07-2026 03:53,AD-12,US_SHIFT,0,N,N,N
L104069,DSA,USA,America/New_York,14-07-2026 21:18,18-07-2026 11:58,AD-09,IST_SHIFT,6,N,N,N
L103233,Meta,USA,America/New_York,09-07-2026 17:50,,AD-04,US_SHIFT,0,N,N,N
L100725,Meta,USA,America/New_York,04-06-2026 11:05,05-06-2026 01:29,AD-07,IST_SHIFT,3,Y,Y,Y
L101636,Meta,USA,America/New_York,13-06-2026 23:00,15-06-2026 05:47,AD-09,IST_SHIFT,1,Y,Y,N
L101152,Google,USA,America/New_York,21-06-2026 12:51,22-06-2026 14:57,AD-11,SEA_SHIFT,1,Y,Y,N
L100055,Google,USA,America/New_York,05-07-2026 08:07,,AD-02,US_SHIFT,4,N,N,N
L102214,Google,USA,America/New_York,16-06-2026 16:05,18-06-2026 21:20,AD-04,US_SHIFT,3,Y,Y,N
L102920,Google,USA,America/New_York,08-06-2026 02:26,,AD-12,US_SHIFT,1,N,N,N
L102935,DSA,USA,America/New_York,11-06-2026 16:12,12-06-2026 14:00,AD-01,US_SHIFT,1,N,N,N
L102207,Meta,USA,America/New_York,04-06-2026 05:12,,AD-05,IST_SHIFT,2,N,N,N
L104768,Meta,USA,America/New_York,28-07-2026 07:35,,AD-02,US_SHIFT,2,N,N,N
L104409,Referral,USA,America/New_York,06-06-2026 08:53,12-06-2026 05:05,AD-07,IST_SHIFT,2,Y,Y,N
L100334,Meta,USA,America/New_York,12-06-2026 03:51,,AD-05,IST_SHIFT,2,N,N,N
L103165,Referral,USA,America/New_York,02-06-2026 18:25,04-06-2026 22:09,AD-12,US_SHIFT,3,Y,Y,N
L102966,Meta,USA,America/New_York,26-07-2026 02:32,,AD-06,IST_SHIFT,0,N,N,N
L104529,Google,USA,America/New_York,07-07-2026 13:46,,AD-07,IST_SHIFT,2,N,N,N
L100581,Google,USA,America/New_York,07-07-2026 23:00,,AD-12,US_SHIFT,2,N,N,N
L103929,Organic,USA,America/New_York,18-06-2026 01:11,22-06-2026 09:59,AD-06,IST_SHIFT,1,N,N,N
L101616,Meta,USA,America/New_York,24-07-2026 18:01,29-07-2026 09:02,AD-10,SEA_SHIFT,2,N,N,N
L104415,Meta,USA,America/New_York,05-06-2026 12:54,05-06-2026 16:41,AD-01,US_SHIFT,1,Y,Y,N
L104461,Google,USA,America/New_York,11-07-2026 23:11,,AD-03,US_SHIFT,0,N,N,N
L101194,Meta,USA,America/New_York,18-06-2026 12:50,18-06-2026 15:54,AD-06,IST_SHIFT,2,N,N,N
L102876,Meta,USA,America/New_York,14-07-2026 04:18,,AD-02,US_SHIFT,3,N,N,N
L104213,Meta,USA,America/New_York,17-06-2026 23:52,,AD-10,SEA_SHIFT,0,N,N,N
L103243,Affiliate,USA,America/New_York,16-07-2026 05:42,16-07-2026 06:42,AD-08,IST_SHIFT,5,Y,Y,N
L101824,Referral,USA,America/New_York,03-06-2026 06:07,,AD-03,US_SHIFT,0,N,N,N
L101981,Meta,USA,America/New_York,02-07-2026 06:31,02-07-2026 16:13,AD-09,IST_SHIFT,4,N,N,N
L100022,Google,USA,America/New_York,20-06-2026 04:59,,AD-01,US_SHIFT,1,N,N,N
L104015,Google,USA,America/New_York,18-07-2026 12:40,22-07-2026 19:21,AD-09,IST_SHIFT,1,N,N,N
L103669,Affiliate,USA,America/New_York,10-07-2026 19:25,14-07-2026 17:32,AD-02,US_SHIFT,1,N,N,N
L104184,DSA,USA,America/New_York,11-07-2026 12:57,18-07-2026 19:14,AD-04,US_SHIFT,2,N,N,N
L102229,Meta,USA,America/New_York,20-07-2026 11:48,21-07-2026 13:58,AD-06,IST_SHIFT,1,Y,Y,N
L104927,Google,USA,America/New_York,10-07-2026 12:49,,AD-04,US_SHIFT,3,N,N,N
L102690,Referral,USA,America/New_York,06-07-2026 13:25,13-07-2026 07:24,AD-08,IST_SHIFT,5,N,N,N
L102247,Google,USA,America/New_York,21-07-2026 22:46,,AD-03,US_SHIFT,5,N,N,N
L103545,Meta,USA,America/New_York,30-07-2026 02:45,31-07-2026 21:47,AD-03,US_SHIFT,1,N,N,N
L104524,Meta,USA,America/New_York,02-07-2026 02:30,04-07-2026 23:50,AD-09,IST_SHIFT,3,Y,Y,Y
L103325,Google,USA,America/New_York,01-07-2026 13:16,05-07-2026 08:56,AD-03,US_SHIFT,0,N,N,N
L103889,Meta,USA,America/New_York,16-07-2026 23:19,17-07-2026 04:57,AD-09,IST_SHIFT,0,Y,Y,N
L104595,Google,USA,America/New_York,17-07-2026 12:25,,AD-01,US_SHIFT,3,N,N,N
L102008,Affiliate,USA,America/New_York,17-07-2026 06:03,17-07-2026 22:56,AD-08,IST_SHIFT,0,Y,Y,N
L104446,Google,USA,America/New_York,08-07-2026 17:30,09-07-2026 18:16,AD-11,SEA_SHIFT,3,N,N,N
L103312,Google,USA,America/New_York,12-07-2026 07:57,13-07-2026 05:19,AD-01,US_SHIFT,1,N,N,N
L100967,DSA,USA,America/New_York,15-07-2026 10:44,15-07-2026 19:05,AD-07,IST_SHIFT,2,Y,Y,N
L104513,Affiliate,USA,America/New_York,21-06-2026 01:55,,AD-09,IST_SHIFT,2,N,N,N
L104144,Meta,USA,America/New_York,01-06-2026 20:39,,AD-12,US_SHIFT,1,N,N,N
L104671,Meta,USA,America/New_York,29-06-2026 15:49,,AD-12,US_SHIFT,0,N,N,N
L102331,Google,USA,America/New_York,24-07-2026 02:18,27-07-2026 16:39,AD-10,SEA_SHIFT,1,N,N,N
L104359,Google,USA,America/New_York,02-07-2026 06:56,,AD-06,IST_SHIFT,5,N,N,N
L101505,Meta,USA,America/New_York,22-06-2026 03:34,22-06-2026 09:20,AD-06,IST_SHIFT,4,Y,Y,N
L101345,DSA,USA,America/New_York,18-07-2026 09:35,23-07-2026 11:54,AD-07,IST_SHIFT,1,Y,Y,N
L100591,Meta,USA,America/New_York,25-06-2026 23:18,29-06-2026 10:35,AD-10,SEA_SHIFT,1,N,N,N
L101645,Organic,USA,America/New_York,21-07-2026 04:39,21-07-2026 05:41,AD-10,SEA_SHIFT,1,Y,N,N
L101534,Google,USA,America/New_York,20-06-2026 19:39,24-06-2026 02:03,AD-01,US_SHIFT,4,Y,Y,N
L101710,Meta,USA,America/New_York,05-06-2026 20:02,06-06-2026 02:48,AD-08,IST_SHIFT,2,Y,Y,N
L104504,Meta,USA,America/New_York,07-06-2026 22:28,12-06-2026 19:25,AD-06,IST_SHIFT,4,Y,N,N
L103749,Referral,USA,America/New_York,01-06-2026 04:08,,AD-03,US_SHIFT,1,N,N,N
L103590,Meta,USA,America/New_York,15-07-2026 06:09,,AD-07,IST_SHIFT,1,N,N,N
L103156,Meta,USA,America/New_York,03-07-2026 05:48,05-07-2026 09:29,AD-07,IST_SHIFT,1,Y,Y,Y
L101592,DSA,USA,America/New_York,08-06-2026 01:38,09-06-2026 03:23,AD-12,US_SHIFT,3,Y,Y,N
L102384,Google,USA,America/New_York,21-06-2026 05:07,25-06-2026 20:18,AD-05,IST_SHIFT,6,Y,Y,N
L100741,Referral,USA,America/New_York,11-07-2026 00:04,11-07-2026 19:35,AD-11,SEA_SHIFT,5,Y,Y,N
L104813,Referral,USA,America/New_York,03-06-2026 22:27,04-06-2026 14:22,AD-05,IST_SHIFT,2,Y,Y,N
L101605,Google,USA,America/New_York,02-06-2026 10:36,03-06-2026 09:41,AD-05,IST_SHIFT,1,Y,N,N
L103029,Affiliate,USA,America/New_York,13-06-2026 07:20,18-06-2026 03:34,AD-06,IST_SHIFT,4,N,N,N
L101628,Meta,USA,America/New_York,18-06-2026 00:52,18-06-2026 09:55,AD-12,US_SHIFT,2,Y,Y,N
L103804,Referral,USA,America/New_York,07-06-2026 03:48,12-06-2026 07:20,AD-08,IST_SHIFT,3,Y,Y,N
L103904,Google,USA,America/New_York,27-06-2026 01:39,28-06-2026 00:50,AD-10,SEA_SHIFT,0,Y,Y,N
L102946,Meta,USA,America/New_York,24-07-2026 20:08,25-07-2026 07:21,AD-07,IST_SHIFT,1,N,N,N
L100777,Google,USA,America/New_York,19-07-2026 12:28,20-07-2026 20:57,AD-09,IST_SHIFT,1,N,N,N
L102101,DSA,USA,America/New_York,18-06-2026 11:38,18-06-2026 22:50,AD-08,IST_SHIFT,1,N,N,N
L103407,Google,USA,America/New_York,24-06-2026 20:03,24-06-2026 21:39,AD-11,SEA_SHIFT,1,Y,Y,N
L100557,DSA,USA,America/New_York,15-06-2026 01:25,19-06-2026 17:29,AD-02,US_SHIFT,4,N,N,N
L101850,Google,USA,America/New_York,30-07-2026 10:28,30-07-2026 15:50,AD-11,SEA_SHIFT,4,Y,Y,N
L101985,Meta,USA,America/New_York,01-07-2026 17:48,,AD-01,US_SHIFT,0,N,N,N
L102131,Meta,USA,America/New_York,16-07-2026 05:59,21-07-2026 14:11,AD-12,US_SHIFT,1,Y,Y,N
L103042,Google,USA,America/New_York,18-07-2026 16:14,19-07-2026 05:03,AD-01,US_SHIFT,4,Y,Y,N
L103585,Meta,USA,America/New_York,28-06-2026 02:25,,AD-11,SEA_SHIFT,2,N,N,N
L102830,Organic,USA,America/New_York,07-07-2026 13:07,08-07-2026 12:17,AD-04,US_SHIFT,0,Y,Y,Y
L104490,Organic,USA,America/New_York,25-07-2026 00:21,25-07-2026 05:06,AD-05,IST_SHIFT,1,Y,Y,N
L104783,DSA,USA,America/New_York,08-06-2026 04:42,09-06-2026 00:08,AD-04,US_SHIFT,2,Y,Y,N
L100608,Meta,USA,America/New_York,25-07-2026 18:31,02-08-2026 21:50,AD-02,US_SHIFT,1,Y,Y,Y
L100221,Affiliate,USA,America/New_York,25-07-2026 16:20,26-07-2026 06:56,AD-11,SEA_SHIFT,0,Y,Y,N
L100209,Google,USA,America/New_York,11-06-2026 12:22,11-06-2026 19:45,AD-10,SEA_SHIFT,2,N,N,N
L103539,Meta,USA,America/New_York,30-06-2026 10:12,04-07-2026 05:36,AD-06,IST_SHIFT,5,N,N,N
L102442,Google,USA,America/New_York,04-06-2026 10:46,04-06-2026 14:40,AD-01,US_SHIFT,1,Y,Y,N
L101147,Meta,USA,America/New_York,24-07-2026 02:17,,AD-10,SEA_SHIFT,3,N,N,N
L103206,Referral,USA,America/New_York,18-07-2026 00:26,,AD-08,IST_SHIFT,3,N,N,N
L101633,Google,USA,America/New_York,15-07-2026 16:41,,AD-09,IST_SHIFT,3,N,N,N
L100597,Meta,USA,America/New_York,14-06-2026 02:52,14-06-2026 17:00,AD-08,IST_SHIFT,1,Y,Y,N
L104284,DSA,USA,America/New_York,30-06-2026 02:43,,AD-09,IST_SHIFT,1,N,N,N
L103297,Referral,USA,America/New_York,07-06-2026 00:26,,AD-12,US_SHIFT,2,N,N,N
L104199,Google,USA,America/New_York,11-07-2026 11:36,,AD-06,IST_SHIFT,1,N,N,N
L102517,DSA,USA,America/New_York,29-06-2026 19:43,30-06-2026 06:55,AD-12,US_SHIFT,0,Y,Y,Y
L101760,Google,USA,America/New_York,31-07-2026 20:21,,AD-01,US_SHIFT,1,N,N,N
L101360,Meta,USA,America/New_York,26-06-2026 07:36,01-07-2026 12:46,AD-04,US_SHIFT,3,Y,Y,Y
L100693,Meta,USA,America/New_York,01-06-2026 19:00,02-06-2026 10:30,AD-05,IST_SHIFT,5,Y,Y,Y
L104526,Affiliate,USA,America/New_York,23-06-2026 17:57,24-06-2026 11:28,AD-05,IST_SHIFT,2,Y,N,N
L102612,Meta,USA,America/New_York,03-06-2026 09:46,,AD-07,IST_SHIFT,0,N,N,N
L101186,Meta,USA,America/New_York,22-07-2026 00:50,03-08-2026 06:16,AD-07,IST_SHIFT,3,Y,Y,N
L101369,Meta,USA,America/New_York,16-07-2026 22:43,,AD-04,US_SHIFT,1,N,N,N
L103595,Google,USA,America/New_York,05-06-2026 11:17,,AD-02,US_SHIFT,0,N,N,N
L101676,Meta,USA,America/New_York,05-07-2026 10:12,,AD-07,IST_SHIFT,1,N,N,N
L102353,Organic,USA,America/New_York,25-07-2026 03:41,25-07-2026 18:04,AD-09,IST_SHIFT,2,N,N,N
L100656,Meta,USA,America/New_York,15-06-2026 23:01,,AD-03,US_SHIFT,0,N,N,N
L101571,Meta,USA,America/New_York,03-07-2026 11:09,,AD-07,IST_SHIFT,4,N,N,N
L100618,Google,USA,America/New_York,19-06-2026 09:03,23-06-2026 14:16,AD-11,SEA_SHIFT,3,N,N,N
L102847,Organic,USA,America/New_York,05-06-2026 17:44,06-06-2026 21:05,AD-01,US_SHIFT,3,Y,Y,N
L100457,Meta,USA,America/New_York,07-06-2026 16:52,,AD-10,SEA_SHIFT,1,N,N,N
L104839,Meta,USA,America/New_York,16-06-2026 05:01,16-06-2026 14:05,AD-06,IST_SHIFT,1,N,N,N
L103607,Meta,USA,America/New_York,30-07-2026 02:41,04-08-2026 10:19,AD-06,IST_SHIFT,2,N,N,N
L103822,Meta,USA,America/New_York,18-06-2026 08:43,24-06-2026 17:59,AD-06,IST_SHIFT,2,N,N,N
L104844,Meta,USA,America/New_York,06-06-2026 20:33,,AD-12,US_SHIFT,3,N,N,N
L103958,Organic,USA,America/New_York,02-06-2026 21:51,,AD-11,SEA_SHIFT,0,N,N,N
L102430,Google,USA,America/New_York,30-06-2026 20:15,04-07-2026 02:06,AD-10,SEA_SHIFT,3,Y,N,N
L103751,Meta,USA,America/New_York,21-06-2026 08:36,21-06-2026 20:08,AD-05,IST_SHIFT,3,Y,Y,N
L100642,Google,USA,America/New_York,13-07-2026 11:21,,AD-07,IST_SHIFT,4,N,N,N
L100168,Google,USA,America/New_York,06-07-2026 12:22,,AD-02,US_SHIFT,1,N,N,N
L103394,Meta,USA,America/New_York,27-07-2026 13:55,28-07-2026 03:36,AD-01,US_SHIFT,0,Y,Y,Y
L101917,Meta,USA,America/New_York,10-07-2026 05:55,11-07-2026 09:31,AD-11,SEA_SHIFT,0,Y,Y,N
L100272,Meta,USA,America/New_York,06-06-2026 04:51,,AD-02,US_SHIFT,4,N,N,N
L102468,Meta,USA,America/New_York,23-06-2026 13:23,,AD-02,US_SHIFT,2,N,N,N
L101066,Affiliate,USA,America/New_York,26-07-2026 23:39,30-07-2026 18:03,AD-02,US_SHIFT,2,Y,Y,Y
L101912,Meta,USA,America/New_York,14-06-2026 03:40,21-06-2026 18:56,AD-09,IST_SHIFT,2,N,N,N
L103646,Google,USA,America/New_York,11-06-2026 07:12,,AD-01,US_SHIFT,1,N,N,N
L102829,Organic,USA,America/New_York,27-07-2026 23:37,29-07-2026 07:03,AD-02,US_SHIFT,2,Y,Y,N
L100534,Google,USA,America/New_York,23-07-2026 14:25,24-07-2026 01:41,AD-02,US_SHIFT,3,Y,Y,N
L103796,DSA,USA,America/New_York,22-07-2026 03:54,,AD-07,IST_SHIFT,3,N,N,N
L104785,DSA,USA,America/New_York,18-07-2026 13:45,,AD-09,IST_SHIFT,0,N,N,N
L104891,Meta,USA,America/New_York,10-06-2026 08:27,14-06-2026 00:42,AD-07,IST_SHIFT,2,N,N,N
L102861,Meta,USA,America/New_York,18-07-2026 04:53,23-07-2026 06:59,AD-08,IST_SHIFT,3,Y,Y,N
L102564,Affiliate,USA,America/New_York,07-06-2026 10:07,07-06-2026 17:19,AD-09,IST_SHIFT,2,N,N,N
L101692,Meta,USA,America/New_York,28-06-2026 16:28,,AD-05,IST_SHIFT,1,N,N,N
L104793,Meta,USA,America/New_York,28-06-2026 07:52,02-07-2026 07:51,AD-03,US_SHIFT,2,Y,Y,N
L104157,Meta,USA,America/New_York,11-06-2026 04:17,,AD-03,US_SHIFT,3,N,N,N
L101247,Google,USA,America/New_York,12-06-2026 14:15,,AD-01,US_SHIFT,4,N,N,N
L100809,Google,USA,America/New_York,18-06-2026 01:37,,AD-05,IST_SHIFT,2,N,N,N
L104297,Organic,USA,America/New_York,30-06-2026 22:50,,AD-03,US_SHIFT,4,N,N,N
L102105,Meta,USA,America/New_York,11-07-2026 20:49,13-07-2026 01:49,AD-12,US_SHIFT,2,Y,Y,N
L103268,Affiliate,USA,America/New_York,23-06-2026 19:47,,AD-04,US_SHIFT,2,N,N,N
L100703,Organic,USA,America/New_York,25-06-2026 02:15,25-06-2026 11:19,AD-02,US_SHIFT,1,N,N,N
L102472,Referral,USA,America/New_York,19-07-2026 02:47,19-07-2026 19:22,AD-09,IST_SHIFT,0,Y,Y,N
L102672,Meta,USA,America/New_York,27-06-2026 15:52,28-06-2026 23:09,AD-12,US_SHIFT,0,Y,N,N
L100851,Google,USA,America/New_York,02-06-2026 15:25,03-06-2026 05:05,AD-06,IST_SHIFT,2,Y,Y,N
L101316,Organic,USA,America/New_York,24-07-2026 00:13,24-07-2026 18:51,AD-08,IST_SHIFT,1,Y,Y,N
L101480,Organic,USA,America/New_York,29-07-2026 22:42,01-08-2026 20:15,AD-10,SEA_SHIFT,1,N,N,N
L101053,Meta,USA,America/New_York,05-07-2026 00:42,06-07-2026 00:13,AD-07,IST_SHIFT,1,Y,Y,N
L102282,Google,USA,America/New_York,25-07-2026 19:21,,AD-07,IST_SHIFT,1,N,N,N
L104979,Affiliate,USA,America/New_York,24-07-2026 12:09,25-07-2026 02:31,AD-06,IST_SHIFT,0,Y,Y,N
L101880,DSA,USA,America/New_York,08-07-2026 17:34,,AD-09,IST_SHIFT,1,N,N,N
L100878,Meta,USA,America/New_York,23-06-2026 13:15,,AD-11,SEA_SHIFT,2,N,N,N
L103994,Meta,USA,America/New_York,03-06-2026 15:58,,AD-09,IST_SHIFT,2,N,N,N
L103078,DSA,USA,America/New_York,17-06-2026 04:29,,AD-12,US_SHIFT,2,N,N,N
L103761,Referral,USA,America/New_York,28-07-2026 04:16,28-07-2026 19:38,AD-12,US_SHIFT,3,Y,Y,Y
L104849,Organic,USA,America/New_York,16-06-2026 10:33,16-06-2026 22:09,AD-06,IST_SHIFT,1,Y,Y,N
L101045,Meta,USA,America/New_York,11-07-2026 11:57,19-07-2026 23:14,AD-05,IST_SHIFT,0,Y,Y,N
L101750,Referral,USA,America/New_York,04-06-2026 12:02,,AD-02,US_SHIFT,2,N,N,N
L102964,Affiliate,USA,America/New_York,14-07-2026 02:16,14-07-2026 07:53,AD-11,SEA_SHIFT,1,N,N,N
L100641,Meta,USA,America/New_York,08-07-2026 01:18,11-07-2026 10:30,AD-10,SEA_SHIFT,1,Y,Y,N
L100137,Google,USA,America/New_York,04-07-2026 20:08,,AD-07,IST_SHIFT,4,N,N,N
L101976,Google,USA,America/New_York,22-07-2026 00:42,,AD-11,SEA_SHIFT,5,N,N,N
L103367,Google,USA,America/New_York,29-07-2026 14:17,,AD-11,SEA_SHIFT,3,N,N,N
L103729,Meta,USA,America/New_York,14-07-2026 13:55,16-07-2026 17:10,AD-05,IST_SHIFT,1,Y,Y,N
L100148,Organic,USA,America/New_York,21-07-2026 22:29,,AD-11,SEA_SHIFT,4,N,N,N
L101924,Affiliate,USA,America/New_York,19-06-2026 14:34,,AD-05,IST_SHIFT,1,N,N,N
L101904,Google,USA,America/New_York,03-07-2026 21:28,04-07-2026 05:41,AD-03,US_SHIFT,2,N,N,N
L102875,Meta,USA,America/New_York,12-06-2026 09:08,15-06-2026 05:45,AD-04,US_SHIFT,3,Y,Y,N
L102240,DSA,USA,America/New_York,10-06-2026 06:23,,AD-06,IST_SHIFT,1,N,N,N
L100483,Meta,USA,America/New_York,27-07-2026 14:36,30-07-2026 15:06,AD-11,SEA_SHIFT,2,N,N,N
L101280,Google,USA,America/New_York,21-07-2026 18:57,,AD-11,SEA_SHIFT,2,N,N,N
L103680,Organic,USA,America/New_York,30-06-2026 21:41,,AD-10,SEA_SHIFT,0,N,N,N
L104947,Google,USA,America/New_York,13-06-2026 04:37,,AD-05,IST_SHIFT,1,N,N,N
L102710,Organic,USA,America/New_York,21-06-2026 05:36,01-07-2026 02:11,AD-09,IST_SHIFT,3,N,N,N
L101529,DSA,USA,America/New_York,10-06-2026 07:39,10-06-2026 13:33,AD-04,US_SHIFT,1,Y,Y,N
L100685,Meta,USA,America/New_York,12-06-2026 01:38,12-06-2026 21:47,AD-09,IST_SHIFT,2,N,N,N
L101551,Meta,USA,America/New_York,09-06-2026 12:48,09-06-2026 21:36,AD-04,US_SHIFT,1,Y,Y,N
L103193,Google,USA,America/New_York,13-06-2026 09:05,,AD-06,IST_SHIFT,5,N,N,N
L101446,Meta,USA,America/New_York,14-06-2026 20:40,15-06-2026 09:01,AD-08,IST_SHIFT,1,Y,Y,N
L101319,Meta,USA,America/New_York,09-07-2026 01:53,09-07-2026 15:16,AD-06,IST_SHIFT,2,Y,Y,N
L103531,Google,USA,America/New_York,16-06-2026 23:08,17-06-2026 00:08,AD-10,SEA_SHIFT,2,Y,Y,N
L101663,Google,USA,America/New_York,09-07-2026 15:11,,AD-04,US_SHIFT,2,N,N,N
L104538,DSA,USA,America/New_York,18-07-2026 14:07,,AD-11,SEA_SHIFT,2,N,N,N
L101773,Affiliate,USA,America/New_York,30-06-2026 16:24,01-07-2026 12:12,AD-09,IST_SHIFT,0,Y,Y,N
L101950,Google,USA,America/New_York,28-07-2026 10:00,,AD-02,US_SHIFT,1,N,N,N
L103884,Meta,USA,America/New_York,18-07-2026 22:31,,AD-06,IST_SHIFT,0,N,N,N
L102800,Affiliate,USA,America/New_York,14-07-2026 22:08,15-07-2026 13:23,AD-02,US_SHIFT,4,Y,Y,Y
L100242,Organic,USA,America/New_York,30-07-2026 09:23,31-07-2026 10:49,AD-11,SEA_SHIFT,0,Y,Y,N
L104689,Meta,USA,America/New_York,25-07-2026 04:09,,AD-03,US_SHIFT,2,N,N,N
L102818,Referral,USA,America/New_York,16-06-2026 02:03,16-06-2026 07:25,AD-03,US_SHIFT,2,Y,Y,Y
L103493,Referral,USA,America/New_York,04-07-2026 23:51,,AD-03,US_SHIFT,2,N,N,N
L103022,Google,USA,America/New_York,11-06-2026 22:55,13-06-2026 01:07,AD-03,US_SHIFT,1,Y,Y,N
L101856,Google,USA,America/New_York,30-07-2026 06:42,,AD-08,IST_SHIFT,0,N,N,N
L103322,Google,USA,America/New_York,22-06-2026 11:19,22-06-2026 16:06,AD-05,IST_SHIFT,0,Y,Y,N
L101295,Meta,USA,America/New_York,11-07-2026 08:22,15-07-2026 22:18,AD-03,US_SHIFT,3,N,N,N
L100466,Google,USA,America/New_York,04-07-2026 16:53,05-07-2026 16:04,AD-03,US_SHIFT,2,Y,N,N
L101069,Meta,USA,America/New_York,10-07-2026 07:17,,AD-10,SEA_SHIFT,3,N,N,N
L101466,Affiliate,USA,America/New_York,29-07-2026 21:53,29-07-2026 23:16,AD-01,US_SHIFT,0,N,N,N
L103424,DSA,USA,America/New_York,28-07-2026 10:09,03-08-2026 14:58,AD-05,IST_SHIFT,0,Y,Y,Y
L102611,Affiliate,USA,America/New_York,21-07-2026 18:58,22-07-2026 13:28,AD-05,IST_SHIFT,0,Y,Y,N
L100388,DSA,USA,America/New_York,14-06-2026 10:27,,AD-03,US_SHIFT,1,N,N,N
L103970,Meta,USA,America/New_York,15-06-2026 19:50,,AD-02,US_SHIFT,2,N,N,N
L103574,Meta,USA,America/New_York,12-07-2026 21:22,,AD-07,IST_SHIFT,1,N,N,N
L103695,Meta,USA,America/New_York,20-06-2026 22:52,21-06-2026 08:44,AD-01,US_SHIFT,1,Y,Y,N
L104229,Google,USA,America/New_York,04-07-2026 07:10,,AD-04,US_SHIFT,0,N,N,N
L100482,Meta,USA,America/New_York,08-06-2026 19:53,,AD-10,SEA_SHIFT,4,N,N,N
L103867,Affiliate,USA,America/New_York,28-06-2026 13:47,29-06-2026 05:16,AD-12,US_SHIFT,2,Y,Y,N
L102465,Meta,USA,America/New_York,14-06-2026 09:26,14-06-2026 14:29,AD-04,US_SHIFT,1,Y,Y,Y
L102929,Meta,USA,America/New_York,20-06-2026 10:33,23-06-2026 19:40,AD-03,US_SHIFT,1,N,N,N
L104106,Meta,USA,America/New_York,24-06-2026 23:54,,AD-02,US_SHIFT,2,N,N,N
L100064,Meta,USA,America/New_York,16-06-2026 04:13,,AD-03,US_SHIFT,3,N,N,N
L100776,Google,USA,America/New_York,12-07-2026 09:49,17-07-2026 06:23,AD-04,US_SHIFT,2,Y,Y,N
L104885,Meta,USA,America/New_York,28-07-2026 07:41,,AD-12,US_SHIFT,2,N,N,N
L102815,Referral,USA,America/New_York,21-06-2026 03:31,,AD-08,IST_SHIFT,1,N,N,N
L104708,Meta,USA,America/New_York,19-07-2026 14:27,,AD-10,SEA_SHIFT,2,N,N,N
L104960,Meta,USA,America/New_York,16-07-2026 01:08,,AD-03,US_SHIFT,4,N,N,N
L101452,Google,USA,America/New_York,11-06-2026 00:08,11-06-2026 18:14,AD-11,SEA_SHIFT,2,N,N,N
L104245,Meta,USA,America/New_York,13-06-2026 18:10,14-06-2026 02:13,AD-09,IST_SHIFT,3,Y,Y,N
L102767,Meta,USA,America/New_York,01-07-2026 00:16,06-07-2026 18:15,AD-05,IST_SHIFT,3,N,N,N
L101383,Meta,USA,America/New_York,03-06-2026 12:48,04-06-2026 00:56,AD-04,US_SHIFT,3,Y,N,N
L103074,Referral,USA,America/New_York,07-07-2026 07:03,,AD-04,US_SHIFT,0,N,N,N
L100624,Google,USA,America/New_York,02-06-2026 01:09,,AD-08,IST_SHIFT,3,N,N,N
L100839,Meta,USA,America/New_York,26-06-2026 08:22,05-07-2026 02:40,AD-03,US_SHIFT,3,Y,Y,N
L100323,Google,USA,America/New_York,15-06-2026 00:13,15-06-2026 09:29,AD-05,IST_SHIFT,1,N,N,N
L104976,Google,USA,America/New_York,12-06-2026 03:19,18-06-2026 15:10,AD-05,IST_SHIFT,3,N,N,N
L100119,Referral,USA,America/New_York,04-07-2026 12:19,,AD-11,SEA_SHIFT,6,N,N,N
L104172,Affiliate,USA,America/New_York,18-07-2026 18:44,22-07-2026 01:28,AD-07,IST_SHIFT,1,Y,Y,N
L104973,Google,USA,America/New_York,29-07-2026 00:38,03-08-2026 01:33,AD-01,US_SHIFT,3,N,N,N
L104050,Affiliate,USA,America/New_York,22-06-2026 15:42,,AD-06,IST_SHIFT,0,N,N,N
L104548,Google,USA,America/New_York,30-07-2026 15:36,31-07-2026 13:13,AD-09,IST_SHIFT,6,Y,Y,N
L102934,Google,USA,America/New_York,29-06-2026 00:01,,AD-07,IST_SHIFT,1,N,N,N
L103298,Google,USA,America/New_York,03-06-2026 20:29,05-06-2026 22:34,AD-11,SEA_SHIFT,1,N,N,N
L102349,DSA,USA,America/New_York,06-07-2026 11:23,11-07-2026 12:32,AD-12,US_SHIFT,0,N,N,N
L100236,Meta,USA,America/New_York,09-07-2026 07:45,09-07-2026 12:28,AD-11,SEA_SHIFT,3,Y,Y,N
L100499,Meta,USA,America/New_York,11-06-2026 14:15,14-06-2026 19:26,AD-01,US_SHIFT,0,Y,Y,N
L100794,Meta,USA,America/New_York,06-07-2026 05:48,09-07-2026 03:49,AD-07,IST_SHIFT,1,N,N,N
L103972,Meta,USA,America/New_York,11-06-2026 12:35,11-06-2026 19:03,AD-05,IST_SHIFT,2,Y,Y,N
L102400,Organic,USA,America/New_York,08-06-2026 02:45,08-06-2026 16:55,AD-02,US_SHIFT,0,N,N,N
L103188,Google,USA,America/New_York,30-07-2026 00:08,30-07-2026 10:17,AD-06,IST_SHIFT,1,Y,N,N
L104216,Meta,USA,America/New_York,07-07-2026 07:34,,AD-03,US_SHIFT,1,N,N,N
L103134,Meta,USA,America/New_York,27-07-2026 13:56,27-07-2026 22:01,AD-10,SEA_SHIFT,1,Y,Y,N
L104045,Meta,USA,America/New_York,14-06-2026 14:38,17-06-2026 09:06,AD-01,US_SHIFT,0,N,N,N
L101594,Meta,USA,America/New_York,26-06-2026 20:06,02-07-2026 14:33,AD-02,US_SHIFT,3,Y,Y,Y
L100223,Meta,USA,America/New_York,06-06-2026 02:56,09-06-2026 07:50,AD-07,IST_SHIFT,1,N,N,N
L102891,Meta,USA,America/New_York,13-06-2026 00:31,13-06-2026 08:49,AD-08,IST_SHIFT,1,Y,N,N
L101245,Meta,USA,America/New_York,17-06-2026 11:14,22-06-2026 04:21,AD-06,IST_SHIFT,3,Y,Y,N
L102533,DSA,USA,America/New_York,11-07-2026 21:10,12-07-2026 03:13,AD-08,IST_SHIFT,2,Y,Y,N
L104944,Organic,USA,America/New_York,16-07-2026 06:47,,AD-12,US_SHIFT,0,N,N,N
L100818,Meta,USA,America/New_York,27-06-2026 10:08,01-07-2026 10:29,AD-01,US_SHIFT,1,Y,Y,Y
L100155,DSA,USA,America/New_York,02-06-2026 22:02,07-06-2026 19:23,AD-05,IST_SHIFT,4,Y,N,N
L104895,Meta,USA,America/New_York,02-07-2026 12:35,,AD-10,SEA_SHIFT,4,N,N,N
L104014,Meta,USA,America/New_York,23-07-2026 06:18,23-07-2026 19:22,AD-01,US_SHIFT,2,Y,Y,N
L100793,Meta,USA,America/New_York,01-06-2026 23:01,04-06-2026 18:10,AD-06,IST_SHIFT,3,N,N,N
L101725,Meta,USA,America/New_York,24-07-2026 01:08,24-07-2026 06:40,AD-08,IST_SHIFT,2,N,N,N
L104756,Organic,USA,America/New_York,04-06-2026 00:04,,AD-03,US_SHIFT,2,N,N,N
L102339,Google,USA,America/New_York,07-06-2026 04:48,07-06-2026 18:57,AD-03,US_SHIFT,1,Y,N,N
L104876,Google,USA,America/New_York,30-07-2026 16:24,04-08-2026 19:20,AD-02,US_SHIFT,1,N,N,N
L101620,Affiliate,USA,America/New_York,08-07-2026 14:32,09-07-2026 12:27,AD-12,US_SHIFT,0,Y,Y,N
L100826,Meta,USA,America/New_York,18-07-2026 04:32,18-07-2026 19:03,AD-03,US_SHIFT,0,Y,Y,Y
L102913,Meta,USA,America/New_York,23-07-2026 22:33,26-07-2026 22:39,AD-08,IST_SHIFT,0,Y,Y,N
L103791,Meta,USA,America/New_York,24-07-2026 04:41,24-07-2026 15:47,AD-03,US_SHIFT,0,N,N,N
L103996,Organic,USA,America/New_York,12-06-2026 06:35,,AD-02,US_SHIFT,1,N,N,N
L100535,Google,USA,America/New_York,04-07-2026 08:12,09-07-2026 18:03,AD-02,US_SHIFT,1,Y,Y,N
L102663,Meta,USA,America/New_York,17-07-2026 12:19,18-07-2026 09:18,AD-07,IST_SHIFT,1,Y,Y,N
L103149,Google,USA,America/New_York,27-07-2026 13:02,,AD-06,IST_SHIFT,5,N,N,N
L103330,DSA,USA,America/New_York,11-07-2026 09:40,,AD-12,US_SHIFT,2,N,N,N
L101943,Meta,USA,America/New_York,09-07-2026 22:55,,AD-01,US_SHIFT,2,N,N,N
L101988,Meta,USA,America/New_York,15-07-2026 02:13,,AD-02,US_SHIFT,1,N,N,N
L103536,Meta,USA,America/New_York,15-07-2026 21:23,17-07-2026 04:21,AD-02,US_SHIFT,2,N,N,N
L101574,Organic,USA,America/New_York,11-06-2026 08:10,15-06-2026 00:38,AD-03,US_SHIFT,5,Y,Y,Y
L103405,Meta,USA,America/New_York,01-07-2026 08:51,,AD-02,US_SHIFT,1,N,N,N
L101762,Referral,USA,America/New_York,21-07-2026 19:50,,AD-04,US_SHIFT,1,N,N,N
L101494,Meta,USA,America/New_York,23-06-2026 18:49,,AD-06,IST_SHIFT,3,N,N,N
L102080,Google,USA,America/New_York,14-06-2026 20:04,17-06-2026 04:58,AD-02,US_SHIFT,3,Y,Y,N
L104261,Google,USA,America/New_York,04-07-2026 14:55,,AD-06,IST_SHIFT,1,N,N,N
L103450,DSA,USA,America/New_York,04-07-2026 09:21,15-07-2026 08:31,AD-08,IST_SHIFT,3,Y,Y,N
L103905,Meta,USA,America/New_York,05-06-2026 11:17,,AD-06,IST_SHIFT,2,N,N,N
L102181,Meta,USA,America/New_York,02-07-2026 20:43,,AD-04,US_SHIFT,0,N,N,N
L103100,DSA,USA,America/New_York,24-06-2026 04:37,25-06-2026 02:10,AD-07,IST_SHIFT,0,N,N,N
L102340,DSA,USA,America/New_York,11-07-2026 03:16,,AD-12,US_SHIFT,1,N,N,N
L104270,Referral,USA,America/New_York,30-06-2026 22:46,06-07-2026 17:56,AD-10,SEA_SHIFT,0,N,N,N
L101080,Organic,USA,America/New_York,04-07-2026 09:10,05-07-2026 01:05,AD-11,SEA_SHIFT,2,Y,N,N
L100144,Meta,USA,America/New_York,31-07-2026 17:30,,AD-09,IST_SHIFT,3,N,N,N
L102291,Affiliate,USA,America/New_York,22-06-2026 04:25,28-06-2026 05:56,AD-02,US_SHIFT,3,Y,Y,Y
L103928,Referral,USA,America/New_York,20-06-2026 12:39,,AD-04,US_SHIFT,3,N,N,N
L103245,Google,USA,America/New_York,21-06-2026 11:06,,AD-04,US_SHIFT,2,N,N,N
L100998,Affiliate,USA,America/New_York,29-07-2026 03:57,29-07-2026 13:29,AD-06,IST_SHIFT,1,Y,Y,N
L103875,Meta,USA,America/New_York,24-06-2026 10:54,25-06-2026 06:29,AD-01,US_SHIFT,1,Y,Y,Y
L102210,Meta,USA,America/New_York,17-07-2026 17:43,18-07-2026 16:38,AD-06,IST_SHIFT,1,Y,Y,N
L101567,Meta,USA,America/New_York,09-06-2026 16:58,11-06-2026 12:54,AD-03,US_SHIFT,2,Y,N,N
L101660,Google,USA,America/New_York,16-07-2026 08:19,,AD-03,US_SHIFT,2,N,N,N
L101885,Organic,USA,America/New_York,11-07-2026 04:25,13-07-2026 20:33,AD-09,IST_SHIFT,5,Y,Y,N
L102874,Google,USA,America/New_York,12-07-2026 11:01,12-07-2026 16:45,AD-09,IST_SHIFT,0,N,N,N
L103588,Google,USA,America/New_York,26-07-2026 03:27,31-07-2026 01:23,AD-05,IST_SHIFT,0,Y,Y,N
L103267,Google,USA,America/New_York,14-07-2026 14:38,20-07-2026 02:22,AD-09,IST_SHIFT,3,N,N,N
L102884,Google,USA,America/New_York,02-07-2026 20:35,,AD-03,US_SHIFT,5,N,N,N
L103007,Meta,USA,America/New_York,24-06-2026 19:40,25-06-2026 18:06,AD-01,US_SHIFT,1,Y,Y,N
L103923,Google,USA,America/New_York,03-06-2026 01:03,,AD-08,IST_SHIFT,8,N,N,N
L102707,Meta,USA,America/New_York,30-07-2026 16:45,04-08-2026 01:58,AD-09,IST_SHIFT,1,N,N,N
L102107,Meta,USA,America/New_York,15-06-2026 06:27,20-06-2026 07:06,AD-07,IST_SHIFT,5,N,N,N
L100292,Meta,USA,America/New_York,03-07-2026 19:32,04-07-2026 04:47,AD-11,SEA_SHIFT,1,Y,Y,N
L101717,Meta,USA,America/New_York,28-07-2026 20:56,,AD-08,IST_SHIFT,1,N,N,N
L103964,DSA,USA,America/New_York,04-06-2026 21:24,05-06-2026 23:58,AD-08,IST_SHIFT,2,Y,Y,N
L103990,Organic,USA,America/New_York,14-07-2026 23:11,15-07-2026 11:25,AD-11,SEA_SHIFT,0,Y,N,N
L101482,Affiliate,USA,America/New_York,08-06-2026 19:01,,AD-03,US_SHIFT,0,N,N,N
L103266,Meta,USA,America/New_York,06-06-2026 13:34,07-06-2026 01:55,AD-06,IST_SHIFT,2,N,N,N
L102907,Google,USA,America/New_York,30-06-2026 19:09,07-07-2026 14:15,AD-08,IST_SHIFT,1,N,N,N
L100969,Meta,USA,America/New_York,17-07-2026 18:23,23-07-2026 01:40,AD-07,IST_SHIFT,4,Y,Y,Y
L104704,Meta,USA,America/New_York,13-06-2026 00:29,18-06-2026 14:20,AD-02,US_SHIFT,2,N,N,N
L101148,Referral,USA,America/New_York,14-07-2026 09:14,17-07-2026 17:11,AD-09,IST_SHIFT,2,Y,N,N
L102243,Organic,USA,America/New_York,13-07-2026 08:24,17-07-2026 01:31,AD-06,IST_SHIFT,2,Y,N,N
L103968,Affiliate,USA,America/New_York,01-07-2026 07:40,,AD-10,SEA_SHIFT,5,N,N,N
L102151,DSA,USA,America/New_York,11-06-2026 04:46,14-06-2026 05:41,AD-06,IST_SHIFT,3,N,N,N
L102010,Meta,USA,America/New_York,11-06-2026 18:29,,AD-01,US_SHIFT,2,N,N,N
L102491,Meta,USA,America/New_York,21-06-2026 08:35,,AD-11,SEA_SHIFT,4,N,N,N
L101994,Meta,USA,America/New_York,27-07-2026 14:33,27-07-2026 15:51,AD-11,SEA_SHIFT,3,Y,Y,N
L102824,Meta,USA,America/New_York,18-06-2026 05:47,18-06-2026 13:03,AD-10,SEA_SHIFT,2,Y,N,N
L102897,Meta,USA,America/New_York,22-07-2026 14:34,23-07-2026 12:38,AD-10,SEA_SHIFT,2,Y,Y,N
L100434,Google,USA,America/New_York,17-07-2026 12:09,22-07-2026 22:26,AD-10,SEA_SHIFT,4,Y,Y,N
L103540,Organic,USA,America/New_York,13-06-2026 23:13,,AD-02,US_SHIFT,2,N,N,N
L103270,Google,USA,America/New_York,19-06-2026 19:14,,AD-04,US_SHIFT,5,N,N,N
L101941,DSA,USA,America/New_York,09-06-2026 14:12,,AD-09,IST_SHIFT,4,N,N,N
L100605,Google,USA,America/New_York,02-06-2026 10:02,05-06-2026 05:38,AD-03,US_SHIFT,7,N,N,N
L104590,Affiliate,USA,America/New_York,10-07-2026 15:59,,AD-10,SEA_SHIFT,2,N,N,N
L100908,Meta,USA,America/New_York,30-06-2026 07:00,03-07-2026 13:26,AD-05,IST_SHIFT,5,N,N,N
L100942,Meta,USA,America/New_York,11-07-2026 19:45,16-07-2026 00:43,AD-04,US_SHIFT,1,Y,Y,Y
L100938,Organic,USA,America/New_York,16-06-2026 06:19,17-06-2026 02:39,AD-11,SEA_SHIFT,2,N,N,N
L103551,Google,USA,America/New_York,18-07-2026 15:17,19-07-2026 19:18,AD-09,IST_SHIFT,2,Y,Y,N
L101862,Google,USA,America/New_York,30-07-2026 14:40,,AD-10,SEA_SHIFT,1,N,N,N
L102709,Meta,USA,America/New_York,04-07-2026 00:19,,AD-05,IST_SHIFT,0,N,N,N
L100811,DSA,USA,America/New_York,06-07-2026 20:48,,AD-02,US_SHIFT,1,N,N,N
L101300,Organic,USA,America/New_York,28-07-2026 21:42,30-07-2026 11:53,AD-04,US_SHIFT,0,Y,Y,N
L104911,DSA,USA,America/New_York,31-07-2026 05:53,,AD-07,IST_SHIFT,2,N,N,N
L101804,Meta,USA,America/New_York,12-07-2026 13:30,12-07-2026 22:21,AD-03,US_SHIFT,1,Y,Y,N
L101570,Meta,USA,America/New_York,31-07-2026 18:33,,AD-01,US_SHIFT,3,N,N,N
L104280,Meta,USA,America/New_York,28-07-2026 22:35,04-08-2026 17:20,AD-04,US_SHIFT,1,N,N,N
L102454,Meta,USA,America/New_York,01-06-2026 01:32,01-06-2026 09:26,AD-07,IST_SHIFT,2,Y,N,N
L101716,Meta,USA,America/New_York,30-06-2026 00:14,,AD-02,US_SHIFT,2,N,N,N
L102475,Referral,USA,America/New_York,12-06-2026 19:03,14-06-2026 04:10,AD-11,SEA_SHIFT,2,Y,Y,N
L104703,Meta,USA,America/New_York,21-06-2026 00:53,24-06-2026 12:14,AD-01,US_SHIFT,2,N,N,N
L104326,Meta,USA,America/New_York,13-07-2026 00:27,17-07-2026 18:46,AD-01,US_SHIFT,3,Y,Y,N
L104427,Google,USA,America/New_York,18-07-2026 02:18,18-07-2026 16:50,AD-03,US_SHIFT,4,Y,Y,Y
L101572,Google,USA,America/New_York,23-06-2026 16:13,27-06-2026 19:32,AD-08,IST_SHIFT,2,Y,Y,Y
L103232,Meta,USA,America/New_York,09-07-2026 05:47,10-07-2026 04:51,AD-02,US_SHIFT,0,Y,Y,Y
L102488,Google,USA,America/New_York,26-06-2026 17:25,06-07-2026 16:27,AD-06,IST_SHIFT,1,N,N,N
L103520,Organic,USA,America/New_York,05-06-2026 11:13,,AD-03,US_SHIFT,7,N,N,N
L103282,Meta,USA,America/New_York,14-07-2026 00:51,16-07-2026 11:48,AD-07,IST_SHIFT,1,N,N,N
L101664,Meta,USA,America/New_York,21-07-2026 22:02,,AD-04,US_SHIFT,2,N,N,N
L104993,Meta,USA,America/New_York,14-06-2026 04:28,,AD-07,IST_SHIFT,1,N,N,N
L102660,Meta,USA,America/New_York,21-06-2026 03:39,22-06-2026 01:08,AD-09,IST_SHIFT,1,Y,Y,N
L102046,Meta,USA,America/New_York,21-06-2026 06:51,27-06-2026 13:59,AD-07,IST_SHIFT,1,N,N,N
L101185,DSA,USA,America/New_York,25-07-2026 09:11,27-07-2026 13:13,AD-08,IST_SHIFT,7,Y,Y,N
L101006,Google,USA,America/New_York,24-06-2026 20:27,25-06-2026 22:08,AD-11,SEA_SHIFT,0,Y,Y,N
L104656,Google,USA,America/New_York,17-07-2026 12:11,19-07-2026 00:06,AD-01,US_SHIFT,1,Y,Y,N
L104011,Meta,USA,America/New_York,14-06-2026 19:10,,AD-06,IST_SHIFT,1,N,N,N
L100269,Referral,USA,America/New_York,07-06-2026 04:26,08-06-2026 13:30,AD-03,US_SHIFT,1,Y,N,N
L100265,Meta,USA,America/New_York,08-07-2026 17:00,10-07-2026 05:30,AD-12,US_SHIFT,1,Y,N,N
L100290,Google,USA,America/New_York,15-06-2026 10:52,,AD-12,US_SHIFT,1,N,N,N
L102912,DSA,USA,America/New_York,05-07-2026 14:50,,AD-05,IST_SHIFT,2,N,N,N
L104571,Meta,USA,America/New_York,18-06-2026 00:02,21-06-2026 15:21,AD-11,SEA_SHIFT,2,N,N,N
L104141,Google,USA,America/New_York,31-07-2026 16:32,03-08-2026 22:04,AD-03,US_SHIFT,1,N,N,N
L102677,Organic,USA,America/New_York,09-07-2026 17:50,,AD-05,IST_SHIFT,3,N,N,N
L101722,Referral,USA,America/New_York,11-06-2026 18:36,15-06-2026 05:36,AD-05,IST_SHIFT,0,Y,N,N
L103949,Affiliate,USA,America/New_York,10-06-2026 18:55,11-06-2026 14:42,AD-08,IST_SHIFT,2,Y,Y,N
L101207,Google,USA,America/New_York,14-07-2026 13:40,,AD-08,IST_SHIFT,1,N,N,N
L101843,Meta,USA,America/New_York,01-06-2026 09:11,02-06-2026 03:19,AD-08,IST_SHIFT,1,Y,N,N
L100233,DSA,USA,America/New_York,19-06-2026 04:22,20-06-2026 20:01,AD-01,US_SHIFT,4,Y,Y,N
L104582,DSA,USA,America/New_York,28-06-2026 12:04,,AD-02,US_SHIFT,4,N,N,N
L100443,Meta,USA,America/New_York,02-06-2026 14:21,03-06-2026 21:05,AD-02,US_SHIFT,0,Y,Y,Y
L102238,Google,USA,America/New_York,05-06-2026 22:50,06-06-2026 07:02,AD-07,IST_SHIFT,1,N,N,N
L104125,Google,USA,America/New_York,15-06-2026 04:50,15-06-2026 23:48,AD-11,SEA_SHIFT,1,Y,Y,N
L100169,Meta,USA,America/New_York,03-06-2026 15:33,04-06-2026 18:28,AD-03,US_SHIFT,1,Y,Y,N
L101001,Organic,USA,America/New_York,05-06-2026 01:34,06-06-2026 06:55,AD-07,IST_SHIFT,1,Y,Y,N
L100197,Organic,USA,America/New_York,03-07-2026 14:28,03-07-2026 15:34,AD-06,IST_SHIFT,3,Y,Y,Y
L104591,Organic,USA,America/New_York,22-07-2026 08:46,,AD-08,IST_SHIFT,1,N,N,N
L103793,Meta,USA,America/New_York,08-06-2026 18:08,12-06-2026 15:29,AD-03,US_SHIFT,2,Y,Y,Y
L100647,Meta,USA,America/New_York,27-07-2026 10:28,,AD-12,US_SHIFT,2,N,N,N
L103733,Meta,USA,America/New_York,08-07-2026 16:08,,AD-12,US_SHIFT,5,N,N,N
L100373,Meta,USA,America/New_York,17-06-2026 12:40,23-06-2026 01:18,AD-06,IST_SHIFT,1,Y,Y,N
L100566,Affiliate,USA,America/New_York,01-06-2026 16:29,05-06-2026 00:11,AD-01,US_SHIFT,2,Y,Y,N
L103720,Meta,USA,America/New_York,16-06-2026 05:47,17-06-2026 02:22,AD-04,US_SHIFT,1,Y,Y,Y
L104556,Meta,USA,America/New_York,28-07-2026 04:13,28-07-2026 08:51,AD-05,IST_SHIFT,3,Y,Y,N
L103287,Google,USA,America/New_York,23-07-2026 18:52,,AD-12,US_SHIFT,1,N,N,N
L104923,Meta,USA,America/New_York,22-06-2026 18:12,23-06-2026 18:44,AD-03,US_SHIFT,2,Y,N,N
L104405,Affiliate,USA,America/New_York,18-06-2026 09:04,19-06-2026 00:24,AD-02,US_SHIFT,1,Y,Y,N
L100844,Organic,USA,America/New_York,22-07-2026 11:24,24-07-2026 01:33,AD-09,IST_SHIFT,0,N,N,N
L100784,Meta,USA,America/New_York,27-06-2026 21:05,28-06-2026 02:47,AD-07,IST_SHIFT,6,Y,Y,N
L100047,Google,USA,America/New_York,28-07-2026 14:07,28-07-2026 18:09,AD-02,US_SHIFT,1,Y,Y,N
L104018,DSA,USA,America/New_York,19-06-2026 00:28,23-06-2026 06:25,AD-08,IST_SHIFT,6,Y,Y,Y
L102627,Google,USA,America/New_York,18-07-2026 22:44,,AD-12,US_SHIFT,2,N,N,N
L101685,Google,USA,America/New_York,10-07-2026 06:04,13-07-2026 01:58,AD-03,US_SHIFT,7,Y,Y,N
L100092,Referral,USA,America/New_York,12-07-2026 20:14,14-07-2026 10:02,AD-01,US_SHIFT,0,N,N,N
L100764,Google,USA,America/New_York,21-06-2026 18:08,22-06-2026 11:27,AD-02,US_SHIFT,2,Y,N,N
L101728,Meta,USA,America/New_York,07-07-2026 03:40,,AD-04,US_SHIFT,1,N,N,N
L101219,Meta,USA,America/New_York,06-07-2026 06:46,09-07-2026 15:50,AD-08,IST_SHIFT,1,N,N,N
L100772,Affiliate,USA,America/New_York,07-06-2026 20:28,13-06-2026 06:01,AD-10,SEA_SHIFT,4,N,N,N
L104859,Referral,USA,America/New_York,25-07-2026 19:58,26-07-2026 13:46,AD-03,US_SHIFT,1,Y,N,N
L101092,Google,USA,America/New_York,10-06-2026 06:51,10-06-2026 17:21,AD-08,IST_SHIFT,0,Y,N,N
L103239,Google,USA,America/New_York,05-07-2026 20:57,,AD-01,US_SHIFT,2,N,N,N
L104462,Affiliate,USA,America/New_York,18-06-2026 21:08,19-06-2026 11:40,AD-06,IST_SHIFT,1,Y,Y,Y
L102583,Google,USA,America/New_York,12-07-2026 03:23,,AD-07,IST_SHIFT,1,N,N,N
L100919,Meta,USA,America/New_York,10-07-2026 20:03,11-07-2026 01:06,AD-12,US_SHIFT,1,Y,N,N
L102550,DSA,USA,America/New_York,28-07-2026 09:18,,AD-02,US_SHIFT,0,N,N,N
